index,module,topic,color,feed,term,created,country,ratio,counter,pages,language,ipcc,continent
'24b660695f',extremes,Landslide,#572c03,wmo,中国泥石流,2026-08-14T04:24:00+00:00,China,0.73101538273651,2,3,zh,EAS,Asia
'0c1f18c498',extremes,Earthquake,#870007,usgs,阿克苏地震,2026-08-29T09:18:00+00:00,China,0.7245529585222332,4,2,zh,ECA,Asia
'd8c34d6f66',extremes,Fog,#d60d2b,wmo,東光縣霧,2026-08-29T09:18:00+00:00,China,0.7242593583758339,2,2,zh,EAS,Asia
'0dbfb0c2b4',extremes,Cold Wave,#a7e9fa,wmo,寒流中國,2026-09-07T07:29:00+00:00,China,0.7070367408891491,4,3,zh,EAS,Asia
'3b6501675a',extremes,Fog,#d60d2b,wmo,霧縣,2026-08-29T09:18:00+00:00,China,0.7004464135696702,5,3,zh,EAS,Asia
'f4aa91b292',extremes,Snow&Ice,#d60d2b,wmo,冰冻中国,2026-09-01T07:58:00+00:00,China,0.6882232922900602,3,2,zh,EAS,Asia
'8182b1f37a',extremes,Snow&Ice,#d60d2b,wmo,雪中国,2026-08-31T08:51:00+00:00,China,0.6775473551789768,2,3,zh,EAS,Asia
'430d85fdfc',extremes,Landslide,#572c03,wmo,泥石流中心城市,2026-08-28T14:32:00+00:00,China,0.6678099093304211,3,2,zh,EAS,Asia
'b95dd5f84b',extremes,Fog,#d60d2b,wmo,平度市霧,2026-08-31T08:51:00+00:00,China,0.6615478614846102,3,2,zh,EAS,Asia
'd4f0e45c92',extremes,Snow&Ice,#d60d2b,wmo,冰霜中国,2026-09-01T07:58:00+00:00,China,0.6584839852037746,3,2,zh,EAS,Asia
'bc407bdc9a',extremes,Fog,#d60d2b,wmo,雾原平,2026-09-08T07:23:00+00:00,China,0.6556349513641421,3,3,zh,EAS,Asia
'31919931b3',extremes,Landslide,#572c03,wmo,中国岩崩,2026-09-03T07:20:00+00:00,China,0.6510221908185437,3,2,zh,EAS,Asia
'8bdcd0e7f7',extremes,Heat Wave,#c40202,wmo,高昌地区热浪,2026-09-01T07:58:00+00:00,China,0.6475011056257018,3,2,zh,EAS,Asia
'0cfb65b58d',extremes,Fog,#d60d2b,wmo,雾中国,2026-08-27T13:00:00+00:00,China,0.6403640862192421,2,2,zh,EAS,Asia
'0ee9942e33',extremes,Heat Wave,#c40202,wmo,热浪 义乌县,2026-09-01T07:58:00+00:00,China,0.6379968962364246,3,2,zh,EAS,Asia
'9865db2185',extremes,Landslide,#572c03,wmo,大同山体滑坡,2026-08-23T03:30:00+00:00,China,0.6320695379949739,2,2,zh,EAS,Asia
'f9a3eca254',extremes,Tropical Cyclone,#4f4f4f,wmo,台风余干县,2026-08-29T09:18:00+00:00,China,0.6079506920494406,3,2,zh,EAS,Asia
'2c366cd1dd',extremes,Flood,#030ba1,wmo,中国山洪,2026-08-25T03:27:00+00:00,China,0.597309215063206,2,2,zh,EAS,Asia
'0013f8517b',extremes,Heat Wave,#c40202,wmo,熱浪阿拉爾城,2026-08-30T08:30:00+00:00,China,0.5798717172510423,3,2,zh,EAS,Asia
'2d4f9a45a0',extremes,Landslide,#572c03,wmo,海原縣山崩,2026-09-09T07:32:00+00:00,China,0.5725493082961923,4,1,zh,EAS,Asia
'fe98faf68c',extremes,Fog,#d60d2b,wmo,霧富錦市,2026-09-04T07:23:00+00:00,China,0.5568146948129308,3,1,zh,EAS,Asia
'4328ef261b',extremes,Snow&Ice,#d60d2b,wmo,赤城縣霜凍,2026-09-12T07:19:00+00:00,China,0.5129067163725263,2,1,zh,EAS,Asia
'6e30839c63',extremes,Heat Wave,#c40202,wmo,热浪 岳普湖县,2026-08-29T09:18:00+00:00,China,0.5125837915161865,2,1,zh,EAS,Asia
'3a36b77d80',extremes,Snow&Ice,#d60d2b,wmo,霜凍豐寧滿族自治縣,2026-09-12T07:19:00+00:00,China,0.5108963483350227,2,1,zh,EAS,Asia
'fba9512f0d',extremes,Landslide,#572c03,wmo,ledu區山體滑坡,2026-09-07T07:29:00+00:00,China,0.5076152566639468,2,1,zh,EAS,Asia
'f9be3aa8b8',extremes,Tropical Cyclone,#4f4f4f,wmo,熱帶氣旋 橫峰縣,2026-08-29T09:18:00+00:00,China,0.5073630539915164,2,1,zh,EAS,Asia
'ce5f512e59',extremes,Tropical Cyclone,#4f4f4f,wmo,台风 益阳县,2026-08-29T09:18:00+00:00,China,0.50456909808303,2,1,zh,EAS,Asia
'212b4f9a46',extremes,Fog,#d60d2b,wmo,霧小邑,2026-08-29T09:18:00+00:00,China,0.5030947951107912,2,1,zh,EAS,Asia
'88f5cf2987',extremes,Fog,#d60d2b,wmo,雾雄贤,2026-08-30T08:30:00+00:00,China,0.4978697935505597,2,1,zh,EAS,Asia
'64ffe70ee6',extremes,Snow&Ice,#d60d2b,wmo,康保縣冰雪,2026-09-08T07:23:00+00:00,China,0.497430699020768,2,1,zh,EAS,Asia
'7d3291eff9',extremes,Landslide,#572c03,wmo,西吉郡泥石流,2026-09-09T07:32:00+00:00,China,0.4967531782689161,2,1,zh,EAS,Asia
'16356c3c33',extremes,Landslide,#572c03,wmo,紅堡地區土石流,2026-09-09T07:32:00+00:00,China,0.4966476585016158,2,1,zh,EAS,Asia
'b09d856bd7',extremes,Snow&Ice,#d60d2b,wmo,冰冻康保县,2026-09-12T07:19:00+00:00,China,0.49536536737518,2,1,zh,EAS,Asia
'2e8fdeabbf',extremes,Snow&Ice,#d60d2b,wmo,霜冻 崇礼区,2026-09-01T07:58:00+00:00,China,0.4951573834233228,2,1,zh,EAS,Asia
'77097afff4',extremes,Snow&Ice,#d60d2b,wmo,崇禮區冰雪,2026-09-12T07:19:00+00:00,China,0.4946073226317938,2,1,zh,EAS,Asia
'd977573dad',extremes,Fog,#d60d2b,wmo,霧 輝南縣,2026-09-02T07:16:00+00:00,China,0.4935331775981069,2,1,zh,EAS,Asia
'aa443a3a7b',extremes,Fog,#d60d2b,wmo,綏濱縣霧,2026-09-03T07:20:00+00:00,China,0.4923371159867936,2,1,zh,EAS,Asia
'69bded2239',extremes,Landslide,#572c03,wmo,隆德县泥石流,2026-09-10T07:28:00+00:00,China,0.4695855714777716,3,1,zh,EAS,Asia
'b797bb275e',extremes,Landslide,#572c03,wmo,永嘉县泥石流,2026-09-03T07:20:00+00:00,China,0.4479883821026973,3,1,zh,EAS,Asia
'df06b3e838',extremes,Landslide,#572c03,wmo,沙坡头区山体滑坡,2026-09-07T07:29:00+00:00,China,0.4469415953123425,3,1,zh,EAS,Asia
