,phrase,label,sentiment,subjectivity,language,count,gnd,geonames,geotype,latitude,longitude,continent,country,ipcc
China,China,GPE,0.33413854,1.61123790,en,42.91836219,4009937-4,1814991,A,35.00000000,105.00000000,ASIA,China,EAS
the United States,the United States,GPE,0.13138019,1.58448605,en,28.67012987,,0,,,,,,
Taiwan,Taiwan,GPE,0.26498975,1.82060383,en,20.57157287,4017875-4,1668284,A,24.00000000,121.00000000,ASIA,Taiwan,EAS
U.S.,U.S.,GPE,0.28027939,1.61293012,en,11.74134199,,0,,,,,,
Japan,Japan,GPE,0.37249775,1.85527198,en,11.20000000,4028495-5,1861060,A,35.68536000,139.75309000,ASIA,Japan,EAS
Taichung,Taichung,GPE,0.13099643,0.80910262,en,10.47460317,4119496-2,1668399,P,24.14690000,120.68390000,ASIA,Taiwan,EAS
Hong Kong,Hong Kong,GPE,0.90961689,2.52204785,en,9.92222222,1318138531,1819729,P,22.27832000,114.17469000,ASIA,Hong Kong,EAS
Beijing,Beijing,GPE,1.05788564,2.47155591,en,8.87712843,4075971-4,1816670,P,39.90750000,116.39723000,ASIA,China,EAS
Europe,Europe,LOC,-0.23664124,0.83933484,en,7.05000000,,0,,,,,,
Hsinchu County,Hsinchu County,GPE,0.01827629,0.72494811,en,5.42222222,,1675107,A,24.67416000,121.16111000,ASIA,Taiwan,EAS
Arctic,Arctic,LOC,-0.45402804,1.99862133,en,4.76666667,,0,,,,,,
Australia,Australia,GPE,0.29473612,0.61804326,en,4.40000000,4003900-6,2077456,A,-25.00000000,135.00000000,OCEANIA,Australia,CAU
North America,North America,LOC,-0.11354962,0.36641221,en,4.36666667,,0,,,,,,
Shanghai,Shanghai,GPE,0.11548092,0.88839307,en,4.32222222,4052066-3,1796236,P,31.22222000,121.45806000,ASIA,China,EAS
New Taipei City,New Taipei City,GPE,0.08578531,1.15265955,en,4.26666667,1058208470,12908892,P,25.06199000,121.45703000,ASIA,Taiwan,EAS
Taipei City,Taipei City,GPE,-0.07720900,1.14377978,en,4.18888889,4078134-3,1668341,P,25.05306000,121.52639000,ASIA,Taiwan,EAS
Taipei,Taipei,GPE,0.22851710,1.08021397,en,4.10404040,4078134-3,1668341,P,25.05306000,121.52639000,ASIA,Taiwan,EAS
Asia,Asia,LOC,-0.04935816,0.32625210,en,4.00000000,,0,,,,,,
Hsinchu City,Hsinchu City,GPE,0.25885148,1.05453820,en,3.97777778,,1675151,P,24.80361000,120.96861000,ASIA,Taiwan,EAS
US,US,GPE,0.39003109,1.31782522,en,3.89848485,,0,,,,,,
Silicon Valley,Silicon Valley,LOC,0.31193109,1.70040950,en,3.70000000,4107751-9,6940309,L,37.37000000,-122.04000000,NORTH-AMERICA,United States,WNA
South Korea,South Korea,GPE,0.31909305,1.86100986,en,3.53333333,4078029-6,1835841,A,36.50000000,127.75000000,ASIA,South Korea,EAS
Yilan County,Yilan County,GPE,0.11819127,1.30903102,en,3.43333333,,1674199,P,24.75700000,121.75300000,ASIA,Taiwan,EAS
Kinmen County,Kinmen County,GPE,0.10775974,1.10796104,en,3.33333333,,1678001,T,24.44583000,118.37611000,ASIA,Taiwan,EAS
Taoyuan City,Taoyuan City,GPE,0.07025974,0.94296104,en,3.33333333,,6696918,P,24.99368000,121.29696000,ASIA,Taiwan,EAS
Yilan,Yilan,GPE,0.03861472,0.50441868,en,3.33333333,4407796-8,1674199,P,24.75700000,121.75300000,ASIA,Taiwan,EAS
Miaoli County,Miaoli County,GPE,0.09275974,0.94046104,en,3.33333333,,0,,,,,,
Keelung City,Keelung City,GPE,0.01059307,0.99484993,en,3.33333333,4110060-8,1678228,P,25.13089000,121.74094000,ASIA,Taiwan,EAS
Harbin,Harbin,GPE,0.50048356,1.59886364,en,3.13333333,4072316-1,2037013,P,45.75000000,126.65000000,ASIA,China,ESB
Russia,Russia,GPE,-0.31701627,1.49671370,en,3.12142857,4076899-5,2017370,A,60.00000000,100.00000000,ASIA,Russia,ESB
Hsinchu,Hsinchu,GPE,0.14942149,0.69413223,en,3.05555556,4407123-1,1675151,P,24.80361000,120.96861000,ASIA,Taiwan,EAS
California,California,GPE,-0.31756121,0.45014124,en,2.95000000,,11071615,L,34.68743000,-116.78467000,NORTH-AMERICA,United States,WNA
New York,New York,GPE,0.16106100,1.56211304,en,2.90000000,4042011-5,5128581,P,40.71427000,-74.00597000,NORTH-AMERICA,United States,ENA
Taichung City,Taichung City,GPE,0.09690809,0.68890609,en,2.88888889,,1668399,P,24.14690000,120.68390000,ASIA,Taiwan,EAS
Lianjiang County,Lianjiang County,GPE,0.24638362,0.47754246,en,2.88888889,,6724655,A,26.37004000,120.49545000,ASIA,Taiwan,EAS
Southern California,Southern California,LOC,-0.26091270,0.48115079,en,2.80000000,,11071615,L,34.68743000,-116.78467000,NORTH-AMERICA,United States,WNA
United States,United States,GPE,0.16311922,0.99931954,en,2.78333333,,0,,,,,,
San Francisco,San Francisco,GPE,-0.12911523,1.60596708,en,2.70000000,4344631-0,3600949,P,14.08180000,-87.20681000,CENTRAL-AMERICA,Honduras,SCA
Keelung,Keelung,GPE,0.11197206,0.48578522,en,2.64444444,4110060-8,1678228,P,25.13089000,121.74094000,ASIA,Taiwan,EAS
Brazil,Brazil,GPE,0.26662043,0.62237633,en,2.57500000,4008003-1,3469034,A,-10.00000000,-55.00000000,SOUTH-AMERICA,Brazil,SAM
Shenzhen,Shenzhen,GPE,0.60249653,1.40154107,en,2.57500000,4107686-2,1795565,P,22.54554000,114.06830000,ASIA,China,EAS
Hualien,Hualien,GPE,-0.12187376,0.61194919,en,2.54444444,4406400-7,1674504,P,23.97694000,121.60444000,ASIA,Taiwan,EAS
UK,UK,GPE,0.38236042,1.12458489,en,2.43333333,4022153-2,2635167,A,54.75844000,-2.69531000,EUROPE,United Kingdom,NEU
Chengdu,Chengdu,GPE,0.98321953,2.23125214,en,2.42500000,4249575-1,1815286,P,30.66667000,104.06667000,ASIA,China,EAS
Germany,Germany,GPE,0.25749684,1.77842036,en,2.40000000,4011882-4,2921044,A,51.50000000,10.50000000,EUROPE,Germany,WCE
Los Angeles,Los Angeles,GPE,0.00827423,0.86406619,en,2.35000000,4036361-2,5368361,P,34.05223000,-118.24368000,NORTH-AMERICA,United States,WNA
Texas,Texas,GPE,0.24781511,1.55390865,en,2.30000000,4059594-8,12217092,L,28.92040000,-98.57720000,CENTRAL-AMERICA,United States,NCA
Alps,Alps,GPE,-0.22716049,0.62685185,en,2.25000000,,0,,,,,,
France,France,GPE,-0.38824627,0.95559701,en,2.23333333,4018145-5,3017382,A,46.00000000,2.00000000,EUROPE,France,WCE
Barcelona,Barcelona,GPE,0.00000000,0.00000000,en,2.20000000,4004503-1,3128760,P,41.38879000,2.15899000,EUROPE-AFRICA,Spain,MED
Iran,Iran,GPE,0.00000000,0.33838384,en,2.20000000,4027653-3,130758,A,32.00000000,53.00000000,ASIA,Iran,WCA
New Taipei,New Taipei,GPE,0.17028237,0.74311295,en,2.20000000,,12908892,P,25.06199000,121.45703000,ASIA,Taiwan,EAS
South Korea's,South Korea's,GPE,0.05581918,1.62241925,en,2.16666667,4075468-6,1873107,A,40.00000000,127.00000000,ASIA,North Korea,EAS
the Taiwan Strait,the Taiwan Strait,LOC,0.50198413,2.10515873,en,2.10000000,,0,,,,,,
USA,USA,GPE,0.42291278,2.13740141,en,2.08571429,4078704-7,6252001,X,39.75999900,-98.50000000,NORTH-AMERICA,United States,CNA
Guangzhou,Guangzhou,GPE,0.45920755,1.60698444,en,2.07222222,4073204-6,1809858,P,23.11667000,113.25000000,ASIA,China,EAS
The United States,The United States,GPE,0.59043779,1.10627880,en,2.06666667,,0,,,,,,
Zhejiang,Zhejiang,GPE,0.05024549,0.75609756,en,2.05000000,4078436-8,1784764,A,29.16667000,120.00000000,ASIA,China,EAS
Sydney,Sydney,GPE,0.73392461,1.41491131,en,2.05000000,4058708-3,2147714,P,-33.86785000,151.20732000,OCEANIA,Australia,EAU
Hangzhou,Hangzhou,GPE,0.18445166,1.84036797,en,2.00000000,4229651-1,1808926,P,30.29365000,120.16142000,ASIA,China,EAS
Taichung City's,Taichung City's,GPE,0.12291667,0.32708333,en,2.00000000,,6748205,P,24.11009000,120.65921000,ASIA,Taiwan,EAS
Nantou County,Nantou County,GPE,-0.11655663,0.60030472,en,1.98888889,5023744-5,7635161,P,18.73164000,109.73159000,ASIA,China,SEA
Ukraine,Ukraine,GPE,-0.20904558,0.84650997,en,1.95000000,4061496-7,690791,A,49.00000000,32.00000000,EUROPE,Ukraine,WCE
Tainan,Tainan,GPE,0.13744898,1.15591837,en,1.94444444,4370348-3,1668355,P,22.99083000,120.21333000,ASIA,Taiwan,EAS
India,India,GPE,0.28628389,1.18819777,en,1.90000000,4026722-2,1269750,A,22.00000000,79.00000000,ASIA,India,SAS
Saudi Arabia,Saudi Arabia,GPE,0.75146199,1.29970760,en,1.90000000,4051788-3,102358,A,25.00000000,45.00000000,ASIA,Saudi Arabia,ARP
Penghu,Penghu,LOC,0.00882353,0.99411765,en,1.88888889,,6300304,S,23.56867000,119.62831000,ASIA,Taiwan,EAS
Miaoli,Miaoli,GPE,0.09625668,0.32085561,en,1.88888889,,1674550,T,24.38588000,121.23031000,ASIA,Taiwan,EAS
Alibaba,Alibaba,GPE,0.04151100,0.50518888,en,1.82500000,,11822244,T,38.98518000,-9.41926000,EUROPE-AFRICA,Portugal,MED
Northeast,Northeast,LOC,0.33841463,0.66036585,en,1.82222222,,11887749,L,42.80019000,-74.11805000,NORTH-AMERICA,United States,ENA
Hong Kong's,Hong Kong's,GPE,0.67967172,2.14172980,en,1.80000000,4025822-1,1819730,A,22.25000000,114.16667000,ASIA,Hong Kong,EAS
Spain,Spain,GPE,0.26706349,1.14378307,en,1.80000000,4055964-6,2510769,A,40.00000000,-4.00000000,EUROPE-AFRICA,Spain,MED
Orchid Island,Orchid Island,LOC,0.44928451,0.93665825,en,1.80000000,4625940-5,1673093,T,22.05111000,121.54083000,ASIA,Taiwan,EAS
Qinghai Lake,Qinghai Lake,LOC,0.45357143,0.78412698,en,1.75000000,,1797903,H,36.92626000,100.15969000,ASIA,China,EAS
Art District,Art District,LOC,2.08823529,2.67647059,en,1.70000000,,1148106,P,37.08571000,69.47958000,ASIA,Afghanistan,WCA
the Middle East,the Middle East,LOC,0.18382353,0.41911765,en,1.70000000,,12217091,L,35.80000000,-86.50000000,NORTH-AMERICA,United States,ENA
Italy,Italy,GPE,-0.08315826,0.62254902,en,1.70000000,4027833-5,3175395,A,42.83333000,12.83333000,EUROPE-AFRICA,Italy,MED
Kinmen,Kinmen,GPE,0.22955078,0.64643389,en,1.69444444,,1678001,T,24.44583000,118.37611000,ASIA,Taiwan,EAS
Jiangsu,Jiangsu,GPE,0.00000000,0.45974576,en,1.68571429,4075203-3,1799962,P,32.06167000,118.77778000,ASIA,China,EAS
Changhua,Changhua,GPE,-0.02014286,0.89707143,en,1.66666667,4407571-6,1993459,P,24.06920000,120.55120000,ASIA,Taiwan,EAS
America,America,GPE,0.68181818,0.75757576,en,1.65000000,,0,,,,,,
Chiayi City,Chiayi City,GPE,-0.13206449,0.69377519,en,1.61111111,,1678836,P,23.47917000,120.44889000,ASIA,Taiwan,EAS
Hokkaido,Hokkaido,GPE,0.11718750,1.38281250,en,1.60000000,4095546-1,11257417,L,43.51669000,142.44873000,ASIA,Japan,EAS
OpenAI,OpenAI,GPE,0.39843750,0.99131944,en,1.60000000,,0,,,,,,
Tai Po,Tai Po,GPE,0.32310606,0.76458333,en,1.60000000,,1818673,P,22.45007000,114.16877000,ASIA,Hong Kong,EAS
the Arctic Circle,the Arctic Circle,LOC,0.03582589,1.21071429,en,1.60000000,,5859426,P,65.48333000,-144.63417000,NORTH-AMERICA,United States,NWN
Switzerland,Switzerland,GPE,-0.33723958,0.67708333,en,1.60000000,,2658434,A,47.00016000,8.01427000,EUROPE,Switzerland,WCE
Cybertruck,Cybertruck,GPE,-0.18665377,0.59187621,en,1.56666667,,0,,,,,,
Canada,Canada,GPE,-0.19021739,0.53597308,en,1.53333333,4029456-0,6251999,A,60.10867000,-113.64258000,NORTH-AMERICA,Canada,NWN
Coupang,Coupang,GPE,-0.12037037,1.90833333,en,1.50000000,,0,,,,,,
Washington,Washington,GPE,0.41093074,1.12135642,en,1.50000000,4064682-8,4140963,P,38.89511000,-77.03637000,NORTH-AMERICA,United States,ENA
Beike,Beike,GPE,0.01000000,0.29000000,en,1.50000000,,6623045,T,-62.16333000,-58.97833000,POLAR,Antarctica,WAN
Henan,Henan,GPE,-0.01944444,0.68981481,en,1.50000000,4025810-5,1808520,A,34.00000000,113.66667000,ASIA,China,EAS
Bridgewater,Bridgewater,GPE,0.00000000,0.00000000,en,1.50000000,,4849333,P,41.24499000,-94.66886000,NORTH-AMERICA,United States,CNA
Jiangnan,Jiangnan,GPE,0.16666667,0.26666667,en,1.50000000,4284717-5,6587507,L,24.36694000,120.63694000,ASIA,Taiwan,EAS
Tehran,Tehran,GPE,-0.06666667,0.22962963,en,1.50000000,4059304-6,112931,P,35.69439000,51.42151000,ASIA,Iran,WCA
Yunnan,Yunnan,GPE,0.00808081,0.25286195,en,1.50000000,4067233-5,1785694,A,25.00000000,101.50000000,ASIA,China,EAS
Maine,Maine,GPE,-0.04761905,0.65357143,en,1.50000000,4114929-4,4971068,A,45.50032000,-69.24977000,NORTH-AMERICA,United States,ENA
Zhu County,Zhu County,GPE,0.05656566,0.24040404,en,1.50000000,,1677112,P,24.83833000,121.00778000,ASIA,Taiwan,EAS
Guangdong,Guangdong,GPE,-0.00841346,0.22716346,en,1.48571429,4073204-6,1809858,P,23.11667000,113.25000000,ASIA,China,EAS
Hualien County,Hualien County,GPE,0.11388611,0.30599401,en,1.44444444,4406400-7,1674504,P,23.97694000,121.60444000,ASIA,Taiwan,EAS
Changhua County,Changhua County,GPE,-0.17587413,0.97272727,en,1.44444444,,1993459,P,24.06920000,120.55120000,ASIA,Taiwan,EAS
Taoyuan,Taoyuan,GPE,0.12587413,0.41958042,en,1.44444444,4252159-2,6696918,P,24.99368000,121.29696000,ASIA,Taiwan,EAS
Taobao,Taobao,GPE,0.04165121,0.79152752,en,1.40000000,,10204552,P,36.19410000,105.97100000,ASIA,China,EAS
Las Vegas,Las Vegas,GPE,0.14610390,0.48701299,en,1.40000000,4034659-6,5506956,P,36.17497000,-115.13722000,NORTH-AMERICA,United States,WNA
Kaohsiung,Kaohsiung,GPE,0.28571429,0.59226190,en,1.40000000,4341688-3,1673820,P,22.61626000,120.31333000,ASIA,Taiwan,EAS
Antarctic,Antarctic,LOC,-0.05357143,0.14285714,en,1.40000000,,6632710,L,-90.00000000,0.00000000,POLAR,Antarctica,EAN
Tokyo,Tokyo,GPE,0.33035714,1.45535714,en,1.40000000,4078337-6,1850147,P,35.68950000,139.69171000,ASIA,Japan,EAS
County,County,GPE,0.24553571,1.04464286,en,1.40000000,4317531-4,195272,P,0.28422000,34.75229000,AFRICA,Kenya,SEAF
Shimen District,Shimen District,LOC,0.06493506,0.83549784,en,1.40000000,,1669341,P,25.29035000,121.56623000,ASIA,Taiwan,EAS
Anhui,Anhui,GPE,0.00892857,0.31250000,en,1.40000000,4002062-9,1818058,A,31.91667000,117.16667000,ASIA,China,EAS
West,West,LOC,0.00000000,0.29464286,en,1.40000000,,11887751,L,42.77268000,-116.95790000,NORTH-AMERICA,United States,WNA
Zhipu,Zhipu,GPE,0.43636364,0.69090909,en,1.37500000,,7071754,P,29.21277000,120.53859000,ASIA,China,EAS
Wuhan,Wuhan,GPE,0.03439153,0.82392710,en,1.35000000,4122666-5,1791247,P,30.58333000,114.26667000,ASIA,China,EAS
the Republic of China,the Republic of China,GPE,0.24431006,0.59681006,en,1.33333333,4036791-5,1821275,A,22.15778000,113.55972000,ASIA,Macao,EAS
Singapore,Singapore,GPE,0.11538462,0.20512821,en,1.30000000,4055089-8,1880252,P,1.28967000,103.85007000,ASIA,Singapore,SEA
Xpeng,Xpeng,GPE,0.78991841,1.61917249,en,1.30000000,,0,,,,,,
Xinjiang,Xinjiang,GPE,0.40384615,1.51923077,en,1.30000000,4077460-0,1529047,A,41.50000000,85.50000000,ASIA,China,ECA
the Hsinchu County Government,the Hsinchu County Government,GPE,0.57954545,0.81339713,en,1.26666667,,0,,,,,,
Thailand,Thailand,GPE,0.06222222,0.25777778,en,1.25000000,4078228-1,1605651,A,15.50000000,101.00000000,ASIA,Thailand,SEA
Virginia,Virginia,GPE,-0.06000000,0.10000000,en,1.25000000,4376528-2,4801859,P,38.34982000,-81.63262000,NORTH-AMERICA,United States,ENA
Hollywood,Hollywood,GPE,0.27000000,0.82444444,en,1.25000000,4408912-0,4158928,P,26.01120000,-80.14949000,NORTH-AMERICA,United States,ENA
Mainland,Mainland,LOC,0.15878788,0.35333333,en,1.25000000,,7281922,L,49.08333000,-122.35000000,NORTH-AMERICA,Canada,WNA
Poland,Poland,GPE,0.15000000,0.41666667,en,1.25000000,4046496-9,798544,A,52.00000000,20.00000000,EUROPE,Poland,WCE
Lake Tahoe,Lake Tahoe,LOC,-0.04000000,0.20000000,en,1.25000000,4366043-5,5397664,P,38.93324000,-119.98435000,NORTH-AMERICA,United States,WNA
National Harbor,National Harbor,GPE,0.55681818,0.93939394,en,1.20000000,,7276754,P,38.78264000,-77.01506000,NORTH-AMERICA,United States,ENA
Baichuan,Baichuan,GPE,0.79427083,1.41666667,en,1.20000000,,1671183,T,24.30624000,120.99411000,ASIA,Taiwan,EAS
Southeast Asia,Southeast Asia,LOC,-0.24305556,0.45138889,en,1.20000000,,11497301,L,10.75053000,106.75050000,ASIA,Vietnam,SEA
Madrid,Madrid,GPE,0.57222222,1.98055556,en,1.20000000,4036862-2,3117735,P,40.41650000,-3.70256000,EUROPE-AFRICA,Spain,MED
earth,earth,LOC,0.84523810,1.60714286,en,1.20000000,,0,,,,,,
Northeast Asia,Northeast Asia,LOC,-0.05555556,0.44444444,en,1.20000000,,11497248,L,21.70032000,106.19604000,ASIA,Vietnam,EAS
Project Madison,Project Madison,GPE,0.57253788,0.94943182,en,1.20000000,,0,,,,,,
Milan,Milan,GPE,0.00000000,0.00000000,en,1.20000000,4037100-1,3173435,P,45.46427000,9.18951000,EUROPE,Italy,WCE
Ctrip,Ctrip,GPE,0.20833333,0.76388889,en,1.20000000,,0,,,,,,
Mount Everest,Mount Everest,LOC,0.03472222,0.48611111,en,1.20000000,4040417-1,1283416,T,27.98791000,86.92529000,ASIA,China,TIB
Nepal,Nepal,GPE,0.02840909,0.45928030,en,1.20000000,4041612-4,1282988,A,28.00000000,84.00000000,ASIA,Nepal,TIB
Maryland,Maryland,GPE,0.55681818,0.93939394,en,1.20000000,4037776-3,4361885,A,39.00039000,-76.74997000,NORTH-AMERICA,United States,ENA
DC,DC,GPE,0.38876263,1.15258838,en,1.20000000,4064682-8,4140963,P,38.89511000,-77.03637000,NORTH-AMERICA,United States,ENA
the WISE2025 King of Business Conference,the WISE2025 King of Business Conference,LOC,0.31250000,0.93750000,en,1.20000000,,0,,,,,,
AI,AI,GPE,-0.02380952,0.59126984,en,1.20000000,,0,,,,,,
Midwest,Midwest,LOC,0.35542929,0.67203283,en,1.20000000,4074909-5,12212748,L,43.61327000,-88.28917000,NORTH-AMERICA,United States,ENA
London,London,GPE,0.03872054,0.39372896,en,1.20000000,4074335-4,2643743,P,51.50853000,-0.12574000,EUROPE,United Kingdom,NEU
Amazon,Amazon,LOC,-0.08333333,0.31111111,en,1.20000000,,12217728,L,-7.75193000,-63.03794000,SOUTH-AMERICA,Brazil,NSA
Berlin,Berlin,GPE,0.12878788,0.36158460,en,1.20000000,4005728-8,2950159,P,52.52437000,13.41053000,EUROPE,Germany,WCE
Dabajianshan,Dabajianshan,GPE,-0.41666667,1.08333333,en,1.20000000,,0,,,,,,
Mixue Ice City,Mixue Ice City,GPE,0.50000000,0.88888889,en,1.20000000,,0,,,,,,
Paris,Paris,GPE,0.19583333,0.65694444,en,1.20000000,4044660-8,2988507,P,48.85341000,2.34880000,EUROPE,France,WCE
Niigata,Niigata,GPE,0.00000000,0.00000000,en,1.20000000,4208484-2,1855431,P,37.92259000,139.04125000,ASIA,Japan,EAS
Dhahran,Dhahran,GPE,-0.10416667,0.10416667,en,1.20000000,4526328-0,107797,P,26.28864000,50.11396000,ASIA,Saudi Arabia,ARP
Minamiuonuma City,Minamiuonuma City,GPE,0.00000000,0.00000000,en,1.20000000,,0,,,,,,
Saudi Arabia’s,Saudi Arabia’s,GPE,0.50000000,0.91666667,en,1.20000000,,0,,,,,,
Philippines,Philippines,GPE,0.06481481,0.43518519,en,1.20000000,4045771-0,1694008,A,13.40882000,122.56155000,ASIA,Philippines,SEA
Niigata Prefecture,Niigata Prefecture,GPE,-0.13541667,0.07291667,en,1.20000000,4208484-2,1855431,P,37.92259000,139.04125000,ASIA,Japan,EAS
Inner Mongolia,Inner Mongolia,LOC,-0.54166667,0.91666667,en,1.20000000,4096284-2,2035607,A,43.50000000,114.75000000,ASIA,China,ECA
Xi'an,Xi'an,GPE,-0.04230769,0.67692308,en,1.18181818,4225216-7,1790630,P,34.25833000,108.92861000,ASIA,China,EAS
Qingdao,Qingdao,GPE,-0.04230769,0.67692308,en,1.18181818,4061118-8,1797929,P,36.06488000,120.38042000,ASIA,China,EAS
Greater China,Greater China,LOC,0.33223562,0.55115955,en,1.16666667,7716617-6,3488465,P,17.99107000,-76.95742000,CENTRAL-AMERICA,Jamaica,CAR
Taikoo Li,Taikoo Li,GPE,0.44848485,1.00606061,en,1.12500000,,0,,,,,,
Vientiane City,Vientiane City,GPE,0.58181818,0.84696970,en,1.10000000,,9886172,S,17.96713000,102.61010000,ASIA,Laos,SEA
Hubei,Hubei,GPE,0.08116883,0.43073593,en,1.10000000,4122666-5,1791247,P,30.58333000,114.26667000,ASIA,China,EAS
Dharma,Dharma,GPE,0.18073593,0.60409288,en,1.10000000,,12485784,A,-5.77167000,105.78639000,ASIA,Indonesia,SEA
Michigan,Michigan,GPE,0.11363636,0.15151515,en,1.10000000,4115139-2,5001836,A,44.25029000,-85.50033000,NORTH-AMERICA,United States,ENA
Louisiana,Louisiana,GPE,0.45454545,0.81818182,en,1.10000000,4036394-6,4331987,A,31.00047000,-92.00040000,NORTH-AMERICA,United States,CNA
Detroit,Detroit,GPE,0.00000000,0.09090909,en,1.10000000,4011559-8,4990729,P,42.33143000,-83.04575000,NORTH-AMERICA,United States,ENA
the East Third Ring Road,the East Third Ring Road,LOC,0.68181818,0.80303030,en,1.10000000,,0,,,,,,
Kuaishou,Kuaishou,GPE,0.00774793,0.86363636,en,1.10000000,,0,,,,,,
Malaysia,Malaysia,GPE,-0.16287879,0.45454545,en,1.10000000,4037203-0,1733045,A,2.50000000,112.50000000,ASIA,Malaysia,SEA
Hehuan Mountain,Hehuan Mountain,LOC,0.23106061,0.89015152,en,1.10000000,,1676171,T,24.13583000,121.28083000,ASIA,Taiwan,EAS
Venezuela,Venezuela,GPE,0.16883117,0.29437229,en,1.10000000,4062512-6,3625428,A,8.00000000,-66.00000000,SOUTH-AMERICA,Venezuela,NSA
Taiwan Beach,Taiwan Beach,GPE,-0.03030303,0.70707071,en,1.10000000,,1673270,T,22.96111000,120.16778000,ASIA,Taiwan,EAS
Nantou,Nantou,GPE,-0.15909091,0.55000000,en,1.10000000,,1671566,P,23.91566000,120.66387000,ASIA,Taiwan,EAS
Hainan,Hainan,GPE,0.00990970,0.40606826,en,1.10000000,4238805-3,1809055,T,19.20000000,109.70000000,ASIA,China,SEA
Otaru,Otaru,GPE,-0.05681818,0.43560606,en,1.10000000,4469998-0,2128574,P,43.18944000,141.00222000,ASIA,Japan,EAS
Alishan,Alishan,LOC,-0.09090909,0.72727273,en,1.10000000,1255671882,1679029,P,23.51528000,120.81028000,ASIA,Taiwan,EAS
Xiaomi,Xiaomi,GPE,0.10248496,0.79249452,en,1.10000000,,1923473,P,25.87659000,115.70641000,ASIA,China,EAS
Africa,Africa,LOC,-0.13131313,0.62247475,en,1.10000000,,0,,,,,,
Chicago,Chicago,GPE,0.27410468,0.58161157,en,1.10000000,4009921-0,4887398,P,41.85003000,-87.65005000,NORTH-AMERICA,United States,ENA
Hsinchu County's,Hsinchu County's,GPE,0.04545455,0.59090909,en,1.10000000,,7500723,S,24.69250000,121.04444000,ASIA,Taiwan,EAS
Mongolia,Mongolia,GPE,-0.06060606,0.75000000,en,1.10000000,4040056-6,2029969,A,46.00000000,105.00000000,ASIA,Mongolia,ESB
Ultraman,Ultraman,GPE,-0.01136364,0.45454545,en,1.10000000,,0,,,,,,
Shenzhen City,Shenzhen City,GPE,0.36363636,0.46590909,en,1.10000000,,13308625,P,22.53589000,114.07710000,ASIA,China,EAS
Meishan,Meishan,GPE,-0.26262626,0.83838384,en,1.10000000,10190808-8,1800818,P,30.04392000,103.83696000,ASIA,China,EAS
Miaoli City's,Miaoli City's,GPE,0.97348485,1.20075758,en,1.10000000,,6645744,S,24.59389000,120.80865000,ASIA,Taiwan,EAS
Minnesota,Minnesota,GPE,-0.06818182,0.47727273,en,1.10000000,4101012-7,5037779,A,46.25024000,-94.25055000,NORTH-AMERICA,United States,CNA
Lianjia,Lianjia,GPE,-0.18181818,0.31818182,en,1.10000000,,7395974,P,41.23210000,120.31600000,ASIA,China,EAS
Arizona,Arizona,GPE,-0.07670455,0.79545455,en,1.10000000,4002920-7,5551752,A,34.50030000,-111.50098000,NORTH-AMERICA,United States,WNA
Bilibili,Bilibili,GPE,0.12190083,0.90909091,en,1.10000000,,1648774,P,-5.28320000,119.57510000,ASIA,Indonesia,SEA
the United Kingdom,the United Kingdom,GPE,0.49431818,0.70643939,en,1.10000000,4022153-2,2635167,A,54.75844000,-2.69531000,EUROPE,United Kingdom,NEU
Suzhou,Suzhou,GPE,0.00000000,0.00000000,en,1.10000000,4247872-8,1886760,P,31.30408000,120.59538000,ASIA,China,EAS
Loli Island,Loli Island,GPE,0.16804408,0.57070707,en,1.10000000,,4032522,T,-18.83758000,-174.00996000,PACIFIC,Tonga,SPO
Dubai,Dubai,GPE,0.68181818,0.86363636,en,1.10000000,4204044-9,292223,P,25.07725000,55.30927000,ASIA,United Arab Emirates,ARP
Bitcoin,Bitcoin,GPE,0.68484848,0.89090909,en,1.10000000,,0,,,,,,
Douyin,Douyin,GPE,0.00000000,0.00000000,en,1.00000000,,0,,,,,,
Yonghui,Yonghui,GPE,0.06818182,0.22727273,en,1.00000000,,12260679,P,31.27959000,121.34702000,ASIA,China,EAS
Jinshan,Jinshan,GPE,0.00000000,0.00000000,en,1.00000000,,1904054,P,29.66575000,105.88206000,ASIA,China,EAS
the Qinling Mountains,the Qinling Mountains,LOC,0.00000000,0.10000000,en,1.00000000,,0,,,,,,
fixed</li,fixed</li,GPE,0.07500000,0.30833333,en,1.00000000,,0,,,,,,
Tianlai,Tianlai,GPE,0.33333333,0.66666667,en,1.00000000,,9907647,P,23.26919000,107.52798000,ASIA,China,EAS
Taibai Mountain,Taibai Mountain,LOC,0.00000000,0.10000000,en,1.00000000,,1793710,T,33.95000000,107.75000000,ASIA,China,EAS
Kenting,Kenting,GPE,0.00000000,0.07916667,en,1.00000000,5527862-0,1743529,T,5.75000000,101.06667000,ASIA,Thailand,SEA
Mengzhou,Mengzhou,GPE,0.35000000,0.52916667,en,1.00000000,,1800685,A,34.91667000,112.75000000,ASIA,China,EAS
Ao Mountain,Ao Mountain,LOC,0.00000000,0.10000000,en,1.00000000,,7902822,T,-12.21418000,14.98631000,AFRICA,Angola,WSAF
Beibuji,Beibuji,GPE,0.17857143,0.43571429,en,1.00000000,,0,,,,,,
Heilongjiang,Heilongjiang,GPE,0.00000000,0.00000000,en,1.00000000,4235269-1,2036965,A,47.75000000,128.00000000,ASIA,China,ESB
Jilin,Jilin,GPE,0.00000000,0.00000000,en,1.00000000,4342897-6,2036502,P,43.84652000,126.56080000,ASIA,China,EAS
Liaoning,Liaoning,GPE,0.00000000,0.00000000,en,1.00000000,4254136-0,2036115,A,41.25000000,122.66667000,ASIA,China,EAS
Macao,Macao,GPE,0.40000000,1.00000000,en,1.00000000,4036791-5,1821274,P,22.20056000,113.54611000,ASIA,Macao,EAS
Hebei,Hebei,GPE,0.00000000,0.00000000,en,1.00000000,4025840-3,1808773,A,39.00000000,115.66667000,ASIA,China,EAS
Baixiang,Baixiang,GPE,0.06818182,0.25000000,en,1.00000000,,1817286,A,37.50000000,114.70000000,ASIA,China,EAS
Zhu County’s,Zhu County’s,GPE,0.00000000,0.00000000,en,1.00000000,,0,,,,,,
Foshan,Foshan,GPE,0.07142857,0.58730159,en,1.00000000,6137372-2,1811103,P,23.02677000,113.13148000,ASIA,China,EAS
Jiuxiong Lake,Jiuxiong Lake,GPE,0.00000000,0.00000000,en,1.00000000,,6647172,H,24.65405000,121.60752000,ASIA,Taiwan,EAS
Kunming,Kunming,GPE,0.07142857,0.58730159,en,1.00000000,4098836-3,1804651,P,25.03889000,102.71833000,ASIA,China,EAS
Jinan,Jinan,GPE,0.07142857,0.58730159,en,1.00000000,4078443-5,1805753,P,36.66833000,116.99722000,ASIA,China,EAS
Tongmengzhou,Tongmengzhou,GPE,0.23333333,0.50555556,en,1.00000000,,0,,,,,,
Tainan City,Tainan City,GPE,-0.23181818,0.72727273,en,1.00000000,4370348-3,1668355,P,22.99083000,120.21333000,ASIA,Taiwan,EAS
the Yunjianan Plain,the Yunjianan Plain,LOC,-0.05357143,0.27678571,en,1.00000000,,0,,,,,,
the Hehuan Mountains,the Hehuan Mountains,LOC,-0.20000000,1.00000000,en,1.00000000,,0,,,,,,
the Lanyang Plain,the Lanyang Plain,LOC,0.06190476,0.61904762,en,1.00000000,,0,,,,,,
Gansu Province,Gansu Province,GPE,0.00000000,0.00000000,en,1.00000000,4097624-5,1810676,A,37.75000000,102.75000000,ASIA,China,ECA
Tiancai,Tiancai,GPE,0.34318182,0.57727273,en,1.00000000,,6918540,P,32.03647000,106.23884000,ASIA,China,EAS
Indiana,Indiana,GPE,0.00000000,1.00000000,en,1.00000000,4109219-3,12213684,L,38.30308000,-85.68222000,NORTH-AMERICA,United States,ENA
Baxiandai,Baxiandai,GPE,0.02083333,0.66666667,en,1.00000000,,0,,,,,,
Ocean,Ocean,LOC,0.02083333,0.66666667,en,1.00000000,,0,,,,,,
Tangkou Village,Tangkou Village,GPE,0.25000000,0.56250000,en,1.00000000,,0,,,,,,
Baxiantai,Baxiantai,GPE,0.25000000,0.56250000,en,1.00000000,,8225642,P,32.87355000,118.63108000,ASIA,China,EAS
Furien,Furien,GPE,0.07857143,0.52023810,en,1.00000000,,0,,,,,,
Central City,Central City,GPE,0.04545455,0.40151515,en,1.00000000,4262523-3,3703443,P,8.99360000,-79.51973000,CENTRAL-AMERICA,Panama,SCA
Costa,Costa,LOC,0.21666667,0.39722222,en,1.00000000,4014426-4,2287781,A,8.00000000,-5.50000000,AFRICA,Ivory Coast,WAF
Haikou,Haikou,GPE,0.00000000,0.00000000,en,1.00000000,4448983-3,1809078,P,20.03421000,110.34651000,ASIA,China,EAS
Ishinomaki City,Ishinomaki City,GPE,-0.03333333,0.15000000,en,1.00000000,,0,,,,,,
centella,centella,GPE,0.03670330,0.54802198,en,1.00000000,,3639633,P,9.20000000,-63.06667000,SOUTH-AMERICA,Venezuela,NSA
Fuguijiao,Fuguijiao,GPE,0.06818182,0.72727273,en,1.00000000,,6642344,S,25.29852000,121.53671000,ASIA,Taiwan,EAS
Golden Village,Golden Village,GPE,0.07857143,0.52023810,en,1.00000000,,5364750,P,33.63863000,-117.34393000,CENTRAL-AMERICA,United States,NCA
Tongxiang,Tongxiang,GPE,0.00000000,0.80000000,en,1.00000000,,1652086,P,15.47986000,107.23353000,ASIA,Laos,SEA
Yunlin County,Yunlin County,GPE,-0.23181818,0.72727273,en,1.00000000,,1665196,P,23.70944000,120.54333000,ASIA,Taiwan,EAS
Sierra Nevada Mountains,Sierra Nevada Mountains,LOC,-0.16666667,0.33333333,en,1.00000000,,5395648,T,36.57855000,-118.29342000,NORTH-AMERICA,United States,WNA
Avita,Avita,GPE,0.19318182,0.39393939,en,1.00000000,,2178857,P,-11.23685000,166.48998000,PACIFIC,Solomon Islands,SPO
the Potomac River,the Potomac River,LOC,0.00000000,0.00000000,en,1.00000000,,4366037,H,37.93889000,-76.25278000,NORTH-AMERICA,United States,ENA
D.C.,D.C.,GPE,0.00000000,0.00000000,en,1.00000000,4007557-6,3688689,P,4.60971000,-74.08175000,SOUTH-AMERICA,Colombia,NWS
Castle Peak,Castle Peak,LOC,-0.16666667,0.33333333,en,1.00000000,,6630899,T,-66.99150000,-65.88439000,POLAR,Antarctica,WAN
Centella,Centella,GPE,0.17857143,0.28571429,en,1.00000000,,3639633,P,9.20000000,-63.06667000,SOUTH-AMERICA,Venezuela,NSA
Kamchatka Peninsula,Kamchatka Peninsula,LOC,0.00000000,0.30000000,en,1.00000000,,2125073,T,56.28672000,159.23540000,ASIA,Russia,RFE
the Kuomintang Taichung City Party Headquarters,the Kuomintang Taichung City Party Headquarters,GPE,0.00000000,0.00000000,en,1.00000000,,0,,,,,,
Meituan,Meituan,GPE,0.00000000,0.00000000,en,1.00000000,,10051095,P,26.10270000,109.31400000,ASIA,China,EAS
Fujian Province,Fujian Province,GPE,0.37500000,0.75000000,en,1.00000000,4220847-6,1811017,A,26.25000000,118.00000000,ASIA,China,EAS
the Western Regions,the Western Regions,LOC,0.00000000,0.00000000,en,1.00000000,,13405932,S,40.87524000,45.14773000,ASIA,Armenia,WCA
Dali,Dali,GPE,0.01212121,0.37929293,en,1.00000000,4240806-4,6201193,A,13.89240000,44.76250000,ASIA,Yemen,ARP
the East District Jianguo Market,the East District Jianguo Market,LOC,0.00000000,0.00000000,en,1.00000000,,0,,,,,,
the Czech Republic,the Czech Republic,GPE,0.00000000,0.00000000,en,1.00000000,,6986495,T,28.44912000,56.84917000,ASIA,Iran,WCA
Jihai,Jihai,GPE,0.00000000,0.00000000,en,1.00000000,,0,,,,,,
Chiayi County,Chiayi County,GPE,-0.23181818,0.72727273,en,1.00000000,,6300295,S,23.46178000,120.39283000,ASIA,Taiwan,EAS
Beitun District,Beitun District,GPE,0.04545455,0.40151515,en,1.00000000,,11696351,A,24.18410000,120.73620000,ASIA,Taiwan,EAS
Cortina,Cortina,GPE,0.00000000,0.00000000,en,1.00000000,4085339-1,3177952,P,46.53690000,12.13903000,EUROPE,Italy,WCE
Israel,Israel,GPE,0.03333333,0.03333333,en,1.00000000,4027808-6,294640,A,31.50000000,34.75000000,EUROPE-AFRICA,Israel,MED
Guangzhou</li,Guangzhou</li,GPE,0.21666667,0.39722222,en,1.00000000,,0,,,,,,
Winter,Winter,GPE,0.00000000,0.00000000,en,1.00000000,4398110-0,4178560,P,28.60000000,-81.33924000,NORTH-AMERICA,United States,ENA
the Hsinchu County,the Hsinchu County,GPE,0.03333333,0.26666667,en,1.00000000,,6574227,L,24.80278000,121.23694000,ASIA,Taiwan,EAS
Kiev,Kiev,GPE,0.00000000,0.25000000,en,1.00000000,4030522-3,703448,P,50.45466000,30.52380000,EUROPE,Ukraine,WCE
Tinaba,Tinaba,GPE,0.05000000,0.13750000,en,1.00000000,,0,,,,,,
Ireland,Ireland,GPE,-0.03333333,0.13333333,en,1.00000000,4027667-3,2963597,A,53.00000000,-8.00000000,EUROPE,Ireland,NEU
the Cangshan Mountains,the Cangshan Mountains,LOC,0.01212121,0.37929293,en,1.00000000,,0,,,,,,
Charlotte,Charlotte,GPE,0.13636364,0.45454545,en,1.00000000,,4795467,P,18.34190000,-64.93070000,CENTRAL-AMERICA,U.S. Virgin Islands,CAR
the British Virgin Islands,the British Virgin Islands,GPE,0.00000000,0.33333333,en,1.00000000,4063590-9,3577718,A,18.50000000,-64.50000000,CENTRAL-AMERICA,British Virgin Islands,CAR
the Sea of ​​Japan side,the Sea of ​​Japan side,LOC,-0.03750000,0.28750000,en,1.00000000,,0,,,,,,
the People's Republic of China,the People's Republic of China,GPE,0.17878788,0.28484848,en,1.00000000,4036791-5,1821275,A,22.15778000,113.55972000,ASIA,Macao,EAS
Arctic Circle,Arctic Circle,LOC,0.09000000,0.75000000,en,1.00000000,,5859426,P,65.48333000,-144.63417000,NORTH-AMERICA,United States,NWN
North Japan,North Japan,GPE,-0.03750000,0.28750000,en,1.00000000,,3598754,L,14.31667000,-91.93333000,CENTRAL-AMERICA,Guatemala,SCA
Far East New,Far East New,LOC,0.12424242,0.63636364,en,1.00000000,,5116917,P,40.60538000,-73.75513000,NORTH-AMERICA,United States,ENA
Jisheng,Jisheng,GPE,0.12424242,0.63636364,en,1.00000000,,11198661,P,29.68382000,121.32416000,ASIA,China,EAS
Jutai,Jutai,GPE,0.00000000,0.00000000,en,1.00000000,,6319325,A,-4.65485000,-68.28027000,SOUTH-AMERICA,Brazil,NSA
Lianjiang,Lianjiang,GPE,0.13636364,0.45454545,en,1.00000000,,1804120,P,21.64673000,110.28172000,ASIA,China,EAS
Futian District,Futian District,GPE,0.40000000,0.51250000,en,1.00000000,,1676377,A,24.19667000,120.51528000,ASIA,Taiwan,EAS
West Japan,West Japan,GPE,-0.03750000,0.28750000,en,1.00000000,,12405519,A,-1.87056000,136.23861000,ASIA,Indonesia,SEA
the Gulf of Mexico,the Gulf of Mexico,LOC,0.06666667,0.66666667,en,1.00000000,,4164131,P,29.94809000,-85.41995000,NORTH-AMERICA,United States,ENA
East District,East District,LOC,-0.16666667,0.06666667,en,1.00000000,,11961349,L,48.49874000,135.11126000,ASIA,Russia,RFE
Taitung,Taitung,GPE,-0.05555556,0.15555556,en,1.00000000,4406404-4,1668295,P,22.75991000,121.14457000,ASIA,Taiwan,EAS
Houston,Houston,GPE,-0.07142857,0.14285714,en,1.00000000,4095673-8,4699066,P,29.76328000,-95.36327000,NORTH-AMERICA,United States,CNA
Tianjin,Tianjin,GPE,-0.12500000,0.37500000,en,1.00000000,4198006-2,1792947,P,39.14222000,117.17667000,ASIA,China,EAS
North China,North China,LOC,-0.12500000,0.37500000,en,1.00000000,,349401,A,30.50000000,33.70000000,EUROPE-AFRICA,Egypt,MED
Shaanxi,Shaanxi,GPE,0.08958333,0.40000000,en,1.00000000,4225216-7,1790630,P,34.25833000,108.92861000,ASIA,China,EAS
Luye,Luye,GPE,0.15416667,0.46666667,en,1.00000000,,1672292,P,22.91296000,121.13642000,ASIA,Taiwan,EAS
Daya District,Daya District,GPE,0.00000000,0.25000000,en,1.00000000,,1667574,P,24.22471000,120.64830000,ASIA,Taiwan,EAS
Pingtung County,Pingtung County,GPE,-0.23181818,0.72727273,en,1.00000000,,0,,,,,,
Finland,Finland,GPE,-0.03333333,0.13333333,en,1.00000000,4017243-0,660013,A,64.00000000,26.00000000,EUROPE,Finland,NEU
the Erhai Lake,the Erhai Lake,LOC,0.01212121,0.37929293,en,1.00000000,,0,,,,,,
Huadong,Huadong,GPE,0.40000000,0.50000000,en,1.00000000,,12361373,A,38.36941000,117.36078000,ASIA,China,EAS
the East Rift Valley,the East Rift Valley,LOC,0.15416667,0.46666667,en,1.00000000,,0,,,,,,
Luoshan,Luoshan,GPE,0.15416667,0.46666667,en,1.00000000,,1672624,P,23.20111000,121.27800000,ASIA,Taiwan,EAS
central United States,central United States,GPE,0.00000000,0.25000000,en,1.00000000,,0,,,,,,
Hegang,Hegang,GPE,0.15416667,0.46666667,en,1.00000000,1264161689,2036986,P,47.34727000,130.29033000,ASIA,China,RFE
Liyutan,Liyutan,GPE,0.15416667,0.46666667,en,1.00000000,,1672644,P,24.35278000,120.74694000,ASIA,Taiwan,EAS
the East Rift Valley National Scenic Area Management Office,the East Rift Valley National Scenic Area Management Office,LOC,0.28928571,0.49285714,en,1.00000000,,0,,,,,,
the East Longitudinal Valley,the East Longitudinal Valley,LOC,0.00000000,0.00000000,en,1.00000000,,0,,,,,,
Nuannuan Creek,Nuannuan Creek,GPE,0.07142857,0.16507937,en,1.00000000,,0,,,,,,
Jiuquan City,Jiuquan City,GPE,0.00000000,0.00000000,en,1.00000000,,0,,,,,,
North Carolina,North Carolina,GPE,0.13636364,0.45454545,en,1.00000000,4042551-4,4563243,P,18.38078000,-65.95739000,CENTRAL-AMERICA,Puerto Rico,CAR
Philadelphia,Philadelphia,GPE,0.13636364,0.45454545,en,1.00000000,4103331-0,4560349,P,39.95238000,-75.16362000,NORTH-AMERICA,United States,ENA
Guanwu,Guanwu,GPE,0.51875000,0.76250000,en,1.00000000,,1672156,P,24.50500000,121.11889000,ASIA,Taiwan,EAS
the Eastern District,the Eastern District,LOC,0.33750000,0.42500000,en,1.00000000,,1860102,L,36.25000000,139.50000000,ASIA,Japan,EAS
Kaohsiung City,Kaohsiung City,GPE,-0.23181818,0.72727273,en,1.00000000,,1673820,P,22.61626000,120.31333000,ASIA,Taiwan,EAS
East Coast,East Coast,LOC,0.17651515,0.47310606,en,1.00000000,,12212303,L,37.02332000,-77.36954000,NORTH-AMERICA,United States,ENA
the East Coast,the East Coast,LOC,0.00000000,0.00000000,en,1.00000000,,12212303,L,37.02332000,-77.36954000,NORTH-AMERICA,United States,ENA
Greenland,Greenland,GPE,0.57500000,0.87500000,en,1.00000000,4022113-1,3425505,A,72.00000000,-40.00000000,POLAR,Greenland,GIC
Utah,Utah,GPE,0.25000000,0.33333333,en,1.00000000,4062214-9,5549030,A,39.25024000,-111.75103000,NORTH-AMERICA,United States,WNA
Zion National Park,Zion National Park,LOC,0.25000000,0.33333333,en,1.00000000,4450210-2,5550114,L,37.29824000,-113.02644000,NORTH-AMERICA,United States,WNA
Hubei Province,Hubei Province,GPE,0.00000000,0.00000000,en,1.00000000,4122666-5,1791247,P,30.58333000,114.26667000,ASIA,China,EAS
Baokang County,Baokang County,GPE,0.00000000,0.00000000,en,1.00000000,,0,,,,,,
Jingshan Mountains,Jingshan Mountains,LOC,-0.01250000,0.38750000,en,1.00000000,,0,,,,,,
the Jingshan Snowfield,the Jingshan Snowfield,LOC,0.10000000,0.10000000,en,1.00000000,,0,,,,,,
​​vulgar,​​vulgar,LOC,-0.08333333,0.21666667,en,1.00000000,,0,,,,,,
New England,New England,LOC,0.31212121,0.65151515,en,1.00000000,4075306-2,11919979,L,44.00000000,-71.00000000,NORTH-AMERICA,United States,ENA
Pingxi District,Pingxi District,LOC,0.25000000,0.33333333,en,1.00000000,,1670530,P,25.02710000,121.73793000,ASIA,Taiwan,EAS
the Rocky Mountains,the Rocky Mountains,LOC,0.31212121,0.65151515,en,1.00000000,,5836950,T,43.35826000,-110.91743000,NORTH-AMERICA,United States,WNA
Qwen-Image-2.0,Qwen-Image-2.0,GPE,0.11666667,0.23333333,en,1.00000000,,0,,,,,,
Boston,Boston,GPE,0.17651515,0.47310606,en,1.00000000,4007840-1,4930956,P,42.35843000,-71.05977000,NORTH-AMERICA,United States,ENA
Connecticut,Connecticut,GPE,0.13636364,0.45454545,en,1.00000000,4010487-4,4831725,A,41.66704000,-72.66648000,NORTH-AMERICA,United States,ENA
Kentucky,Kentucky,GPE,-0.36666667,0.83333333,en,1.00000000,4097823-0,6254925,A,38.20042000,-84.87762000,NORTH-AMERICA,United States,ENA
Beimen District,Beimen District,LOC,0.00000000,0.00000000,en,1.00000000,,1670783,P,23.26895000,120.12418000,ASIA,Taiwan,EAS
the East District,the East District,LOC,0.00000000,0.00000000,en,1.00000000,,1860102,L,36.25000000,139.50000000,ASIA,Japan,EAS
Mississippi,Mississippi,GPE,0.23333333,0.46666667,en,1.00000000,4039588-1,4436296,A,32.75041000,-89.75036000,NORTH-AMERICA,United States,ENA
Tennessee,Tennessee,GPE,0.23333333,0.46666667,en,1.00000000,4119557-7,12217091,L,35.80000000,-86.50000000,NORTH-AMERICA,United States,ENA
New Mexico,New Mexico,GPE,0.24545455,0.65151515,en,1.00000000,4217452-1,5454711,P,35.08449000,-106.65114000,NORTH-AMERICA,United States,WNA
The Eastern District,The Eastern District,LOC,0.00000000,0.17500000,en,1.00000000,,1860102,L,36.25000000,139.50000000,ASIA,Japan,EAS
Nan City,Nan City,GPE,-0.20000000,0.50000000,en,1.00000000,,1668355,P,22.99083000,120.21333000,ASIA,Taiwan,EAS
Jijin,Jijin,GPE,0.00000000,0.17500000,en,1.00000000,,6870548,P,30.70375000,104.89121000,ASIA,China,EAS
Minami-Uonuma City,Minami-Uonuma City,GPE,-0.16250000,0.08750000,en,1.00000000,,0,,,,,,
Shenzhen Bay,Shenzhen Bay,GPE,0.10000000,0.22500000,en,1.00000000,,6301365,S,22.63926000,113.81066000,ASIA,China,EAS
Zhongshan District,Zhongshan District,GPE,-0.04761905,0.35833333,en,1.00000000,,1677227,L,24.14470000,120.68440000,ASIA,Taiwan,EAS
Da'an District,Da'an District,GPE,-0.04761905,0.35833333,en,1.00000000,4000813-7,1279233,P,23.02579000,72.58727000,ASIA,India,SAS
Pingxi,Pingxi,GPE,0.12462121,0.30151515,en,1.00000000,,1679268,P,23.35170000,120.20949000,ASIA,Taiwan,EAS
the Eastern United States,the Eastern United States,GPE,-0.27500000,0.62500000,en,1.00000000,,12212303,L,37.02332000,-77.36954000,NORTH-AMERICA,United States,ENA
North Florida,North Florida,LOC,0.00000000,0.27500000,en,1.00000000,,12217087,L,26.50000000,-81.00000000,NORTH-AMERICA,United States,ENA
Shiding,Shiding,GPE,0.12462121,0.30151515,en,1.00000000,,1669226,P,24.99301000,121.65546000,ASIA,Taiwan,EAS
Xu Jinjiang,Xu Jinjiang,GPE,-0.20000000,0.15000000,en,1.00000000,,10284349,S,34.26744000,117.16298000,ASIA,China,EAS
Prince George County,Prince George County,GPE,0.00000000,0.00000000,en,1.00000000,,4349159,P,38.94278000,-76.73028000,NORTH-AMERICA,United States,ENA
Hong,Hong,GPE,0.09727273,0.53090909,en,1.00000000,,1580400,P,10.80000000,105.35000000,ASIA,Vietnam,SEA
Laizhou,Laizhou,GPE,0.01090067,0.44667508,en,1.00000000,,1804578,P,37.18073000,119.94217000,ASIA,China,EAS
Jianan,Jianan,GPE,-0.20000000,0.00000000,en,1.00000000,,12400361,A,46.78723000,130.41488000,ASIA,China,RFE
Laiteng,Laiteng,GPE,-0.20000000,0.00000000,en,1.00000000,,1315085,H,23.58333000,93.43333000,ASIA,Myanmar,SAS
the West District,the West District,LOC,0.00000000,0.00000000,en,1.00000000,,8347356,A,-32.09506000,18.62695000,AFRICA,South Africa,WSAF
the Chiayi City Chiayi Charity Group,the Chiayi City Chiayi Charity Group,GPE,0.21904762,0.39047619,en,1.00000000,,0,,,,,,
Hung Hom Harbour,Hung Hom Harbour,LOC,0.08333333,0.42777778,en,1.00000000,,0,,,,,,
Chiayi City's,Chiayi City's,GPE,0.70000000,0.90000000,en,1.00000000,,6749701,S,23.46473000,120.23527000,ASIA,Taiwan,EAS
Yuanhe Hope,Yuanhe Hope,GPE,-0.20000000,0.40000000,en,1.00000000,,0,,,,,,
Hualien City,Hualien City,GPE,-0.29166667,0.54166667,en,1.00000000,4406400-7,1674504,P,23.97694000,121.60444000,ASIA,Taiwan,EAS
CALIFORNIA,CALIFORNIA,GPE,-0.02121212,0.31818182,en,1.00000000,,11071615,L,34.68743000,-116.78467000,NORTH-AMERICA,United States,WNA
Hualien Republic,Hualien Republic,GPE,-0.29166667,0.54166667,en,1.00000000,,0,,,,,,
Siberia,Siberia,GPE,0.05000000,0.15000000,en,1.00000000,4286755-1,11961345,L,55.01565000,82.96276000,ASIA,Russia,WSB
Yakutsk,Yakutsk,GPE,-0.10000000,0.10000000,en,1.00000000,4264832-4,2013159,P,62.03114000,129.72288000,ASIA,Russia,ESB
Fukuoka,Fukuoka,GPE,0.00000000,0.00000000,en,1.00000000,4125989-0,1863967,P,33.60000000,130.41667000,ASIA,Japan,EAS
Austin,Austin,GPE,-0.11666667,0.22500000,en,1.00000000,4079879-3,4671654,P,30.26715000,-97.74306000,NORTH-AMERICA,United States,CNA
Zhuzhou,Zhuzhou,GPE,-0.27500000,0.66666667,en,1.00000000,6130387-2,1783763,P,27.83333000,113.15000000,ASIA,China,EAS
Luyinggao,Luyinggao,GPE,0.00000000,0.00000000,en,1.00000000,,0,,,,,,
Shichao,Shichao,GPE,-0.08333333,0.41666667,en,1.00000000,,11699002,A,24.81547000,121.80579000,ASIA,Taiwan,EAS
Cupertino,Cupertino,GPE,-0.02121212,0.31818182,en,1.00000000,4104274-8,5341145,P,37.32300000,-122.03218000,NORTH-AMERICA,United States,WNA
Tsinghua,Tsinghua,GPE,0.10625000,0.42708333,en,1.00000000,,8384763,S,39.99596000,116.31575000,ASIA,China,EAS
Dushu Town,Dushu Town,GPE,0.00000000,0.06666667,en,1.00000000,,0,,,,,,
Guishan Island,Guishan Island,LOC,0.02159091,0.55113636,en,1.00000000,,1673419,T,24.84194000,121.95194000,ASIA,Taiwan,EAS
Henan Province,Henan Province,GPE,0.00000000,0.06666667,en,1.00000000,4025810-5,1808520,A,34.00000000,113.66667000,ASIA,China,EAS
Nanyang City,Nanyang City,GPE,0.00000000,0.06666667,en,1.00000000,,1785655,P,33.44743000,112.71422000,ASIA,China,EAS
Ningbo,Ningbo,GPE,0.01985480,0.42815657,en,1.00000000,4264941-9,1799397,P,29.87819000,121.54945000,ASIA,China,EAS
Zhongtong,Zhongtong,GPE,-0.15185185,0.22962963,en,1.00000000,,1784292,P,28.30127000,116.96811000,ASIA,China,EAS
Dawu Coastal Park,Dawu Coastal Park,GPE,0.02159091,0.55113636,en,1.00000000,,0,,,,,,
Green Island,Green Island,GPE,0.02159091,0.55113636,en,1.00000000,4464552-1,2190473,A,-45.95306000,170.38722000,OCEANIA,New Zealand,NZ
Taitung County,Taitung County,GPE,0.02159091,0.55113636,en,1.00000000,4406404-4,1668295,P,22.75991000,121.14457000,ASIA,Taiwan,EAS
Jialulan Recreation Area,Jialulan Recreation Area,LOC,0.02159091,0.55113636,en,1.00000000,,0,,,,,,
Jinghe,Jinghe,GPE,0.23333333,0.23333333,en,1.00000000,,8707777,A,28.59791000,112.83079000,ASIA,China,EAS
AReaL,AReaL,GPE,0.00000000,0.00000000,en,1.00000000,,6319101,A,-22.23423000,-43.12190000,SOUTH-AMERICA,Brazil,SES
Keelung Island,Keelung Island,GPE,0.02159091,0.55113636,en,1.00000000,,1671953,T,25.48500000,122.10556000,ASIA,Taiwan,EAS
New Taipei City's,New Taipei City's,GPE,0.02159091,0.55113636,en,1.00000000,,6642405,T,25.28602000,121.59017000,ASIA,Taiwan,EAS
Longkeng,Longkeng,GPE,0.41212121,0.61818182,en,1.00000000,,8696452,A,27.59580000,106.85600000,ASIA,China,EAS
Mobile,Mobile,GPE,0.13106061,0.44242424,en,1.00000000,4232068-9,4076598,P,30.69436000,-88.04305000,NORTH-AMERICA,United States,ENA
Leapmotor,Leapmotor,GPE,0.13311688,0.42110390,en,1.00000000,,0,,,,,,
Changchun,Changchun,GPE,0.00000000,0.25000000,en,1.00000000,4264120-2,2038180,P,43.88000000,125.32278000,ASIA,China,EAS
Sanya,Sanya,GPE,0.17000000,0.40291667,en,1.00000000,7500630-3,1796556,P,18.25435000,109.50947000,ASIA,China,SEA
Liuyang,Liuyang,GPE,0.20000000,0.50000000,en,1.00000000,,1802875,P,28.15861000,113.62709000,ASIA,China,EAS
Kulingjiao Village,Kulingjiao Village,GPE,0.50000000,0.50000000,en,1.00000000,,1673364,P,24.63218000,120.80447000,ASIA,Taiwan,EAS
Hualien County's,Hualien County's,GPE,0.35000000,0.30000000,en,1.00000000,,6642997,T,24.17270000,121.60430000,ASIA,Taiwan,EAS
East Asia,East Asia,LOC,0.10625000,0.57500000,en,1.00000000,,12200097,L,32.62857000,51.63140000,ASIA,Iran,WCA
Chiayi City City Expo,Chiayi City City Expo,GPE,0.25000000,0.33333333,en,1.00000000,,0,,,,,,
Chaoyang District,Chaoyang District,LOC,-0.20000000,0.35000000,en,1.00000000,,1815399,A,23.26610000,116.59611000,ASIA,China,EAS
Bing,Bing,GPE,0.10000000,0.27500000,en,1.00000000,,0,,,,,,
Amsterdam,Amsterdam,GPE,-0.01010101,0.24873737,en,1.00000000,4001783-7,2759794,P,52.37403000,4.88969000,EUROPE,The Netherlands,NEU
Thermage,Thermage,GPE,0.00000000,0.00000000,en,1.00000000,,0,,,,,,
Yushan,Yushan,GPE,0.00000000,0.46666667,en,1.00000000,,1665181,T,23.47000000,120.95727000,ASIA,Taiwan,EAS
Ren'ai Township,Ren'ai Township,GPE,0.07500000,0.35500000,en,1.00000000,,6645507,T,23.93805000,121.27191000,ASIA,Taiwan,EAS
Gotham City's,Gotham City's,GPE,0.29000000,0.66000000,en,1.00000000,,7306781,S,40.76056000,-73.96694000,NORTH-AMERICA,United States,ENA
Tustin,Tustin,GPE,-0.33333333,0.66666667,en,1.00000000,,5404119,P,33.74585000,-117.82617000,CENTRAL-AMERICA,United States,NCA
Nagano,Nagano,GPE,0.45833333,0.65000000,en,1.00000000,4310172-0,1856215,P,36.65000000,138.18333000,ASIA,Japan,EAS
East,East,LOC,0.00000000,0.00000000,en,1.00000000,,12212303,L,37.02332000,-77.36954000,NORTH-AMERICA,United States,ENA
Jiika,Jiika,GPE,0.62500000,1.00000000,en,1.00000000,,0,,,,,,
Rockies,Rockies,LOC,0.00000000,0.00000000,en,1.00000000,4050243-0,5836950,T,43.35826000,-110.91743000,NORTH-AMERICA,United States,WNA
Qingshen County,Qingshen County,GPE,-0.25000000,0.25000000,en,1.00000000,,0,,,,,,
Sichuan,Sichuan,GPE,-0.03888889,0.67222222,en,1.00000000,4249575-1,1815286,P,30.66667000,104.06667000,ASIA,China,EAS
Babao Town,Babao Town,GPE,0.15000000,0.20000000,en,1.00000000,,0,,,,,,
Tianzhong Marathon,Tianzhong Marathon,GPE,0.15000000,0.20000000,en,1.00000000,,0,,,,,,
the Tianzhong area,the Tianzhong area,GPE,0.15000000,0.20000000,en,1.00000000,,0,,,,,,
Mars,Mars,LOC,-0.12000000,0.42500000,en,1.00000000,,6621751,T,-76.66667000,161.95000000,POLAR,Antarctica,EAN
CBD,CBD,GPE,0.25000000,0.25000000,en,1.00000000,,11523822,P,-27.47134000,153.02736000,OCEANIA,Australia,EAU
Xiaojushu,Xiaojushu,GPE,0.00000000,0.00000000,en,1.00000000,,0,,,,,,
Aomori Prefecture,Aomori Prefecture,LOC,0.29375000,0.62604167,en,1.00000000,4309664-5,2130658,P,40.81667000,140.73333000,ASIA,Japan,EAS
Lane Crawford,Lane Crawford,GPE,0.50000000,0.50000000,en,1.00000000,,8122732,P,37.41008000,-94.73008000,NORTH-AMERICA,United States,CNA
Nanshan District,Nanshan District,GPE,0.00000000,0.00000000,en,1.00000000,,7001398,P,22.53334000,113.92978000,ASIA,China,EAS
stablecoin,stablecoin,GPE,0.00000000,0.00000000,en,1.00000000,,0,,,,,,
Northern Europe,Northern Europe,LOC,0.10000000,0.30000000,en,1.00000000,,0,,,,,,
Kirkland,Kirkland,GPE,0.00000000,0.00000000,en,1.00000000,,5992830,P,45.45008000,-73.86586000,NORTH-AMERICA,Canada,ENA
Rapidus,Rapidus,GPE,0.00000000,1.00000000,en,1.00000000,,0,,,,,,
Chitose City,Chitose City,GPE,0.31818182,0.72727273,en,1.00000000,,11821478,P,38.28214000,140.34144000,ASIA,Japan,EAS
Hunyuan,Hunyuan,LOC,0.21428571,0.42857143,en,1.00000000,,1806686,A,39.65015000,113.61002000,ASIA,China,EAS
the red planet,the red planet,LOC,0.00000000,0.00000000,en,1.00000000,,0,,,,,,
the Southern District,the Southern District,LOC,0.05555556,0.33333333,en,1.00000000,4509105-5,1179400,P,31.41554000,73.08969000,ASIA,Pakistan,WCA
Nachuan Capital,Nachuan Capital,GPE,0.00000000,0.00000000,en,1.00000000,,0,,,,,,
Eurofarma,Eurofarma,GPE,0.00000000,0.00000000,en,1.00000000,,0,,,,,,
Nubia,Nubia,GPE,0.13068182,0.47613636,en,1.00000000,,350981,L,18.98374000,32.19115000,AFRICA,Sudan,SAH
Bryan,Bryan,GPE,0.18939394,0.57853535,en,1.00000000,,4677008,P,30.67436000,-96.36996000,NORTH-AMERICA,United States,CNA
Toronto,Toronto,GPE,-0.10000000,0.18571429,en,1.00000000,4060459-7,6167865,P,43.70643000,-79.39864000,NORTH-AMERICA,Canada,ENA
Zunjie,Zunjie,GPE,0.16250000,0.28750000,en,1.00000000,,0,,,,,,
Xiangjie,Xiangjie,GPE,0.16250000,0.28750000,en,1.00000000,,6646732,P,25.00114000,121.22846000,ASIA,Taiwan,EAS
Zhijie,Zhijie,GPE,0.16250000,0.28750000,en,1.00000000,,9940488,P,25.09440000,100.11300000,ASIA,China,EAS
Yanshanpu Community,Yanshanpu Community,GPE,0.00000000,0.06666667,en,1.00000000,,0,,,,,,
Oka Smart Ship,Oka Smart Ship,GPE,0.28571429,0.60714286,en,1.00000000,,0,,,,,,
Adobe,Adobe,GPE,0.14727273,0.43090909,en,1.00000000,,5700943,T,40.95297000,-115.79868000,NORTH-AMERICA,United States,WNA
Zhipu AI,Zhipu AI,GPE,0.21428571,0.42857143,en,1.00000000,,0,,,,,,
Turing AI,Turing AI,GPE,0.25909091,0.51363636,en,1.00000000,,0,,,,,,
Doubao AI,Doubao AI,GPE,0.40000000,0.60000000,en,1.00000000,,0,,,,,,
Doubao,Doubao,GPE,-0.03333333,0.40000000,en,1.00000000,,0,,,,,,
Indonesia,Indonesia,GPE,0.15000000,0.47619048,en,1.00000000,4026761-1,1643084,A,-5.00000000,120.00000000,ASIA,Indonesia,SEA
Myanmar,Myanmar,GPE,-0.12500000,0.67500000,en,1.00000000,4069500-1,1327865,A,21.00000000,96.00000000,ASIA,Myanmar,SAS
Vietnam,Vietnam,GPE,0.00000000,0.00000000,en,1.00000000,4063514-4,1562822,A,16.16667000,107.83333000,ASIA,Vietnam,SEA
JCB,JCB,GPE,0.27500000,0.81250000,en,1.00000000,,3459869,P,-27.17806000,-51.50472000,SOUTH-AMERICA,Brazil,SES
Nevada,Nevada,GPE,-0.33333333,0.70000000,en,1.00000000,4041996-4,5509151,A,39.25021000,-116.75119000,NORTH-AMERICA,United States,WNA
Shijiazhuang,Shijiazhuang,GPE,0.07500000,0.42500000,en,1.00000000,4370253-3,1795270,P,38.04139000,114.47861000,ASIA,China,EAS
Kensington,Kensington,GPE,0.05656566,0.17373737,en,1.00000000,,5203211,P,40.56979000,-79.76477000,NORTH-AMERICA,United States,ENA
Chongqing,Chongqing,GPE,0.07500000,0.42500000,en,1.00000000,4315770-1,1814906,P,29.56026000,106.55771000,ASIA,China,EAS
Zhengzhou,Zhengzhou,GPE,0.07500000,0.42500000,en,1.00000000,4264129-9,1784658,P,34.75778000,113.64861000,ASIA,China,EAS
Tatajia,Tatajia,GPE,0.35937500,0.27500000,en,1.00000000,,6725046,T,23.47597000,120.89973000,ASIA,Taiwan,EAS
Jiaming Lake,Jiaming Lake,GPE,0.35937500,0.27500000,en,1.00000000,,0,,,,,,
Yunlin,Yunlin,GPE,0.00000000,0.00000000,en,1.00000000,,1665196,P,23.70944000,120.54333000,ASIA,Taiwan,EAS
Gukeng Township,Gukeng Township,GPE,0.00000000,0.00000000,en,1.00000000,,1673388,P,23.64500000,120.56278000,ASIA,Taiwan,EAS
Pacini,Pacini,GPE,0.21607143,0.46547619,en,1.00000000,,10399694,S,39.30085000,9.09210000,EUROPE-AFRICA,Italy,MED
the Korean Peninsula,the Korean Peninsula,LOC,0.36000000,0.57000000,en,1.00000000,,7140636,S,46.39111000,-87.39444000,NORTH-AMERICA,United States,ENA
Beverly Hills,Beverly Hills,GPE,0.05656566,0.17373737,en,1.00000000,4088243-3,5328041,P,34.07362000,-118.40036000,NORTH-AMERICA,United States,WNA
Earth,Earth,LOC,0.44318182,0.70227273,en,1.00000000,,0,,,,,,
42nd Antarctic,42nd Antarctic,LOC,0.10000000,0.30000000,en,1.00000000,,0,,,,,,
Animal City,Animal City,GPE,-0.12500000,0.37500000,en,1.00000000,,11380529,S,35.43709000,-97.43710000,NORTH-AMERICA,United States,CNA
Anhui Province,Anhui Province,GPE,0.00000000,0.00000000,en,1.00000000,4002062-9,1818058,A,31.91667000,117.16667000,ASIA,China,EAS
Hefei City,Hefei City,GPE,0.00000000,0.00000000,en,1.00000000,,13108238,P,43.92377000,126.55733000,ASIA,China,EAS
Vienna,Vienna,GPE,-0.04166667,0.20833333,en,1.00000000,4066009-6,2761369,P,48.20849000,16.37208000,EUROPE,Austria,WCE
Berkeley,Berkeley,GPE,0.00000000,0.00000000,en,1.00000000,4005720-3,5327684,P,37.87159000,-122.27275000,NORTH-AMERICA,United States,WNA
Stanford,Stanford,GPE,0.00000000,0.00000000,en,1.00000000,4056932-9,5398563,P,37.42411000,-122.16608000,NORTH-AMERICA,United States,WNA
lake green,lake green,LOC,-0.02962963,0.30370370,en,1.00000000,,5255003,H,43.81073000,-89.00005000,NORTH-AMERICA,United States,ENA
Lancôme,Lancôme,GPE,0.21250000,0.62500000,en,1.00000000,,3007916,P,47.64887000,1.12283000,EUROPE,France,WCE
Jurilu,Jurilu,GPE,0.42500000,0.70000000,en,1.00000000,,0,,,,,,
Yantai,Yantai,GPE,0.13636364,0.45454545,en,1.00000000,4824622-0,1787093,P,37.47649000,121.44081000,ASIA,China,EAS
the Hong Kong Island West Geographical Constituency Forum,the Hong Kong Island West Geographical Constituency Forum,GPE,0.25000000,0.33333333,en,1.00000000,,0,,,,,,
Zhanjiang,Zhanjiang,GPE,0.00000000,0.00000000,en,1.00000000,6130385-9,1784990,P,21.23391000,110.38749000,ASIA,China,EAS
V city,V city,GPE,0.21212121,0.48484848,en,1.00000000,,78754,P,14.54248000,49.12424000,ASIA,Yemen,ARP
Belem,Belem,GPE,0.00833333,0.16500000,en,1.00000000,4208294-8,3405870,P,-1.45583000,-48.50444000,SOUTH-AMERICA,Brazil,NES
Argentina,Argentina,GPE,0.12500000,0.41666667,en,1.00000000,4002890-2,3865483,A,-34.00000000,-64.00000000,SOUTH-AMERICA,Argentina,SES
Mexico,Mexico,GPE,0.12500000,0.41666667,en,1.00000000,4039058-5,3996063,A,23.00000000,-102.00000000,CENTRAL-AMERICA,Mexico,NCA
Korea,Korea,GPE,0.03896104,0.27272727,en,1.00000000,4078029-6,1835841,A,36.50000000,127.75000000,ASIA,South Korea,EAS
Hell Valley,Hell Valley,LOC,0.00000000,0.00000000,en,1.00000000,,8051313,L,-0.91583000,36.31333000,AFRICA,Kenya,SEAF
Sapporo,Sapporo,GPE,0.00000000,0.00000000,en,1.00000000,4051677-5,2128295,P,43.06667000,141.35000000,ASIA,Japan,EAS
Zhushan Mountain,Zhushan Mountain,LOC,-0.20000000,0.50000000,en,1.00000000,,1670778,T,23.05139000,120.87444000,ASIA,Taiwan,EAS
Hefu,Hefu,GPE,0.00363636,0.42212121,en,1.00000000,,1904513,H,30.77545000,120.16260000,ASIA,China,EAS
Hong Kong Park,Hong Kong Park,GPE,0.25000000,0.33333333,en,1.00000000,,0,,,,,,
Yongzhufang,Yongzhufang,GPE,0.35090909,0.63636364,en,1.00000000,,0,,,,,,
the Yunlin County Government,the Yunlin County Government,GPE,0.13636364,0.45454545,en,1.00000000,,0,,,,,,
the east coast,the east coast,LOC,0.00000000,0.10000000,en,1.00000000,,12212303,L,37.02332000,-77.36954000,NORTH-AMERICA,United States,ENA
Nintendo,Nintendo,LOC,0.00000000,0.00000000,en,1.00000000,,0,,,,,,
São Paulo's,São Paulo's,GPE,0.00000000,0.00000000,en,1.00000000,4264280-2,3467865,P,-22.90556000,-47.06083000,SOUTH-AMERICA,Brazil,SES
the Southern Hemisphere,the Southern Hemisphere,LOC,0.00000000,0.00000000,en,1.00000000,,0,,,,,,
Wo'an,Wo'an,GPE,0.10000000,0.38333333,en,1.00000000,4122012-2,6094817,P,45.41117000,-75.69812000,NORTH-AMERICA,Canada,ENA
Chaoyang Park,Chaoyang Park,GPE,0.54000000,0.70666667,en,1.00000000,,8385019,L,39.94161000,116.47618000,ASIA,China,EAS
Luckin,Luckin,GPE,0.07916667,0.52083333,en,1.00000000,,0,,,,,,
the Hsinchu City,the Hsinchu City,GPE,-0.20000000,0.58333333,en,1.00000000,,0,,,,,,
the Central Promenade,the Central Promenade,LOC,0.00000000,0.25000000,en,1.00000000,,5167477,L,41.64894000,-83.53410000,NORTH-AMERICA,United States,ENA
Jinghe County,Jinghe County,GPE,0.40000000,0.70000000,en,1.00000000,,11697880,A,23.40859000,120.37488000,ASIA,Taiwan,EAS
Geely,Geely,LOC,0.07777778,0.25555556,en,1.00000000,,0,,,,,,
Waymo,Waymo,GPE,-0.31666667,0.30000000,en,1.00000000,,0,,,,,,
Inner Mongolia Autonomous Region,Inner Mongolia Autonomous Region,GPE,0.35000000,0.53750000,en,1.00000000,4096284-2,2035607,A,43.50000000,114.75000000,ASIA,China,ECA
Ordos City,Ordos City,GPE,0.35000000,0.53750000,en,1.00000000,,0,,,,,,
Bortala Mongolian Autonomous Prefecture,Bortala Mongolian Autonomous Prefecture,GPE,0.40000000,0.70000000,en,1.00000000,,0,,,,,,
Greenland Howed Island,Greenland Howed Island,GPE,0.04166667,0.17083333,en,1.00000000,,0,,,,,,
the Sun Island Scenic Area,the Sun Island Scenic Area,LOC,0.14659091,0.54488636,en,1.00000000,,0,,,,,,
Northeast China,Northeast China,LOC,0.00000000,0.00000000,en,1.00000000,,7730844,S,36.13390000,114.34400000,ASIA,China,EAS
South China,South China,LOC,0.00000000,0.00000000,en,1.00000000,,1880252,P,1.28967000,103.85007000,ASIA,Singapore,SEA
Weiqiao,Weiqiao,GPE,0.13636364,0.45454545,en,1.00000000,,8721842,A,37.03050000,117.49000000,ASIA,China,EAS
Claude,Claude,GPE,0.00000000,0.00000000,en,1.00000000,,6631241,T,-64.11596000,-62.61770000,POLAR,Antarctica,WAN
"the ""Yuzhen Sour Bamboo Hotpot Restaurant","the ""Yuzhen Sour Bamboo Hotpot Restaurant",LOC,0.00416667,0.35128205,en,1.00000000,,0,,,,,,
Guiyang City,Guiyang City,GPE,0.00416667,0.35128205,en,1.00000000,,6521871,S,25.46660000,118.08330000,ASIA,China,EAS
Yunyan District,Yunyan District,GPE,0.00416667,0.35128205,en,1.00000000,,6642052,A,26.64408000,106.70845000,ASIA,China,EAS
Osaka,Osaka,GPE,0.02500000,0.25000000,en,1.00000000,4043961-6,1853909,P,34.69379000,135.50107000,ASIA,Japan,EAS
Netherlands,Netherlands,GPE,0.00000000,0.00000000,en,1.00000000,4042203-3,2750405,A,52.25000000,5.75000000,EUROPE,The Netherlands,NEU
Landes,Landes,GPE,-0.26500000,0.28833333,en,1.00000000,,3007868,L,44.25000000,-1.00000000,EUROPE-AFRICA,France,MED
Oceania,Oceania,LOC,-0.04166667,0.20833333,en,1.00000000,,0,,,,,,
Autoliv,Autoliv,GPE,0.24000000,0.39000000,en,1.00000000,,0,,,,,,
LPL,LPL,GPE,0.15000000,0.40000000,en,1.00000000,4036068-4,2644210,P,53.41058000,-2.97794000,EUROPE,United Kingdom,NEU
Panther Lake,Panther Lake,LOC,0.13636364,0.45454545,en,1.00000000,,5205009,H,40.43688000,-79.94826000,NORTH-AMERICA,United States,ENA
magnetorheological,magnetorheological,GPE,-0.01785714,0.18571429,en,1.00000000,,0,,,,,,
the Central Taiwan Lantern Festival,the Central Taiwan Lantern Festival,LOC,0.20000000,0.35000000,en,1.00000000,,0,,,,,,
New South Wales,New South Wales,GPE,0.04971591,0.30113636,en,1.00000000,4058708-3,2147714,P,-33.86785000,151.20732000,OCEANIA,Australia,EAU
the northwest United States,the northwest United States,GPE,0.10416667,0.35000000,en,1.00000000,,9881905,L,45.99696000,-118.49854000,NORTH-AMERICA,United States,WNA
Notland,Notland,GPE,0.25000000,0.30000000,en,1.00000000,,0,,,,,,
Xuhui District,Xuhui District,LOC,0.00000000,0.12500000,en,1.00000000,,1787956,A,31.16370000,121.42799000,ASIA,China,EAS
Perm,Perm,GPE,0.00000000,0.00000000,en,1.00000000,504439-X,511196,P,58.01046000,56.25017000,EUROPE,Russia,EEU
Upper East Side,Upper East Side,LOC,0.05656566,0.17373737,en,1.00000000,,5172075,L,41.55561000,-83.67160000,NORTH-AMERICA,United States,ENA
