day,sentiment_mean,sentiment_std,subjectivity_mean,subjectivity_std,counting
2025-11-12,-0.6710857115421652,0.605414777617955,-0.6915205520240061,1.0613920603322142,2.0
2025-11-13,-0.33227782418173624,0.6016133723670899,-0.56620555592912,0.9638046170075921,6.0
2025-11-14,-0.35191209048144123,0.744153350434782,-0.3477902453394795,1.3255071461090215,8.0
2025-11-15,0.15834040570491675,1.4752570498840587,0.17462694845298496,1.5452090586903888,6.0
2025-11-16,-0.40498922507370405,0.7624179529593171,-0.5661302138424379,0.9387238671251893,7.0
2025-11-17,-0.17728417770007995,0.3544454724561894,-0.1719688720848293,0.6452187948356879,9.0
2025-11-18,-0.6942702904643792,0.7068398440594611,-0.9422942287269738,0.8775390612977084,7.0
2025-11-19,0.02255011778702278,1.339704079341053,-0.17306721371286304,1.2706692564400681,12.0
2025-11-20,-0.5001974649509695,0.4574722373754687,-0.7659898081793844,1.1694459415704272,8.0
2025-11-21,-0.24592095111339124,0.6937826115741331,-0.783377928655729,0.8628157136177536,8.0
2025-11-22,-0.16773946537078294,0.8763620765540372,-0.05274342228444889,0.6424777636741664,5.0
2025-11-23,-1.2680571900546989,0.1515677640951829,0.13784207478812247,0.40124959466035853,2.0
2025-11-24,-0.13550531864641885,0.9839739610726712,-0.49890499305815844,1.0399891795107739,14.0
2025-11-25,0.6293352427229256,1.2669287609093183,0.11436191030108432,0.929510501549374,11.0
2025-11-26,0.013510175750245702,0.9304634015886489,0.4377944134689441,0.823898382335744,15.0
2025-11-27,-0.359110749459067,1.0002527765667852,-0.5136746285098214,1.1677734563910953,23.0
2025-11-28,-0.34808038748976133,0.6214630952917898,-0.49241227846925906,1.1943573620373362,9.0
2025-11-29,-0.18732896536887125,0.7028950598507648,-0.38876269951136505,1.2300190856966837,8.0
2025-11-30,1.1586678306069245,2.5032826587502477,0.49377097763987354,1.1867532114193196,3.0
2025-12-01,0.5944232151012585,1.2762293321286848,-0.19246932648428225,1.4031212130794224,7.0
2025-12-02,-0.03739982687573835,1.1845568862400104,-0.10110282478282334,1.1522935174403361,23.0
2025-12-03,-0.5573319359021021,0.5337786279328572,-0.682320089341169,1.0642814519828887,14.0
2025-12-04,-0.5131300704889964,0.409930518796184,-0.8486886703435805,0.8677059099297337,14.0
2025-12-05,0.243917719324071,0.9560382050247583,0.027125407490980535,1.1413127504426268,10.0
2025-12-06,-0.1650173946519616,1.1807427472113095,0.20082718703412825,0.979047137530469,11.0
2025-12-07,0.13082031201848596,0.503833045316643,0.30373641743005236,1.2111635755877073,6.0
2025-12-08,0.09978932159149853,0.8837016299493518,0.5929321325741337,0.5572706457828267,23.0
2025-12-09,0.5933329008457064,1.0848532414561767,0.5191354525222173,0.7364721118868748,26.0
2025-12-10,-0.03963466625571775,0.8909350544502876,0.05081924606252134,0.9433669078475136,23.0
2025-12-11,0.15093248920556973,1.1885028852017077,-0.3713162928843082,1.0355788508874644,23.0
2025-12-12,-0.12304789130559561,0.705150662419182,-0.13955385698108944,1.0962308974899033,12.0
2025-12-13,0.07160645315106573,1.692565973814179,-0.2991727984506778,1.3433073508426558,4.0
2025-12-14,0.34924087772853224,1.075211421340442,0.06834460443074934,1.0863449498293183,12.0
2025-12-15,-0.9419584411649915,0.5393144042692557,-0.47269263133568507,1.458011995894214,10.0
2025-12-16,-0.09836655970913936,0.6046698962389082,-0.5326224808482117,1.0513855504057055,13.0
2025-12-17,-0.5772126478287832,0.3551279419035341,-0.42006572082675164,1.334562616015715,11.0
2025-12-18,0.16395705190445792,1.2035476323190846,0.03566448402554376,1.0654417952465411,15.0
2025-12-19,0.2761699641927974,0.8506501586906078,0.5503854341568613,0.47245695837434576,14.0
2025-12-20,1.3632189390481932,1.8586372679693068,0.43744535745140617,0.815422858687672,7.0
2025-12-21,0.025976766058417745,0.7806474138034172,0.5757095938897898,0.45727310390038556,7.0
2025-12-22,-0.11917201482342227,0.6682486164574144,0.3421498633183894,0.4476556089954326,6.0
2025-12-23,0.25357142457780024,1.3453354751360038,0.21001731658313813,1.000083913844633,10.0
2025-12-24,0.5343143571937505,1.7063583655220023,0.35327757226873147,0.9037821675247633,7.0
2025-12-25,0.28390803581661406,0.880642489520349,0.5250809728293179,0.8381329954186202,12.0
2025-12-26,-0.21260213739384382,0.6060750743443879,-0.25398059157047154,0.9538313769001141,7.0
2025-12-27,0.9000226369083647,0.9918541890477438,0.6974587427563737,0.7869435018116153,4.0
2025-12-28,0.3974582190540659,0.9350269176733254,0.7245774071683079,0.9577864526328967,9.0
2025-12-29,0.1317448164846286,1.4867731570155185,0.18216518999583317,1.0091274908255694,10.0
2025-12-30,-0.14846080979996917,1.3011698466478414,-0.22849127487270318,1.166033176485295,11.0
2025-12-31,-0.4974368606088721,0.9303583219052193,-0.4833074294324489,1.1498653769264517,12.0
2026-01-01,-0.10705078432134514,0.853394439220224,-1.1461963564135638,0.8991812287258143,5.0
2026-01-02,-0.5444183594319059,0.17462754909739792,-0.7214761705490319,1.106650937852604,6.0
2026-01-03,0.3296882092554312,1.469498364932588,-0.25061204263338244,1.159311724395156,7.0
2026-01-04,-0.2074135059170891,0.6195194150020499,-0.6419220597227107,1.0092699769651579,20.0
2026-01-05,0.03199794043600003,1.07133192939866,0.039495261935296365,0.8720196918511229,14.0
2026-01-06,-0.017872433172520966,1.175523505688076,-0.5382202496996572,1.0309503149923926,25.0
2026-01-07,-0.0545739342572288,0.6338821334642303,-0.27588943254072257,0.9703615329481308,9.0
2026-01-08,0.2963795536531928,1.0837946637993452,-0.023599043151026084,0.9667325472669779,18.0
2026-01-09,-0.14685821405273006,0.8192880516624979,-0.13723990434477426,1.0099298021581218,11.0
2026-01-10,-0.24752344043838356,0.6394863420383674,-0.38223071325097346,1.3645087226340205,9.0
2026-01-11,-0.15018244975562403,0.6959875008047416,-0.45499679597226006,0.9234144665930996,7.0
2026-01-12,0.09769950945919005,1.2842855371207522,-0.002555724175676741,1.0952596092202111,13.0
2026-01-13,0.0282153329777361,0.9586066774468626,0.11619044299713438,1.0492930850566444,11.0
2026-01-14,-0.02803254777600204,0.8495517011827178,-0.233153888270783,0.9663185240810845,20.0
2026-01-15,0.1318233718764409,0.5893577685054104,0.03238723350689621,1.1788746373083432,6.0
2026-01-16,-0.025629492388919674,0.7375835730403063,-0.45578019480407556,1.1937933992403678,18.0
2026-01-17,0.12528924295416718,0.8306444214655129,-0.1951321652139934,1.1480740521856825,10.0
2026-01-18,-0.34426783825265106,1.309806257413283,-0.5903285664236753,1.1511055897544025,13.0
2026-01-19,0.03418893883889407,0.9208764861965019,-0.06647691175923974,0.8978419522243536,12.0
2026-01-20,0.2528181237420647,1.0587996981970307,-0.001703305910681292,1.093211237162346,13.0
2026-01-21,-0.30379665704914316,0.5319162350553436,-0.04020998252238013,0.9249760390748092,15.0
2026-01-22,-0.35894655095224853,0.8067314669182526,0.5423081187121409,1.145973588583205,11.0
2026-01-23,0.23788438542309245,1.0370842380277745,-0.537540766326906,0.9349587732534903,9.0
2026-01-24,0.2998195375176577,0.7547454442593523,0.22172219105365998,0.8044785100242525,14.0
2026-01-25,0.502400707242807,1.3670658973185221,0.15993496097395643,1.287041490363184,12.0
2026-01-26,-0.13465226749542303,0.7292294046974265,-0.23417700650909237,1.0369752067606075,34.0
2026-01-27,-0.11339720641223645,0.8117780795525502,-0.5735428192828084,1.1002228108894019,36.0
2026-01-28,0.1743772614737172,1.4261807988416513,-0.04377089843713561,1.0765069036757666,12.0
2026-01-29,-0.1036823177936706,0.8517235216050587,-0.39566824604808465,1.1216010424423102,27.0
2026-01-30,-0.14384192190397307,0.8447780013238229,-0.08616798135308877,1.2184536120580716,9.0
2026-01-31,-0.40196854417271,1.6273794461869793,-0.11341583853979231,1.13496175190337,4.0
2026-02-01,-0.20957168235170195,1.21148641511117,0.18967077517712672,0.8734045842413418,12.0
2026-02-02,0.17159500079148982,0.8048732333378584,0.2282566496332864,0.7998754414110899,8.0
2026-02-03,-0.39083640903255534,0.6701114724892997,-0.428140135113489,0.9691881328991099,8.0
2026-02-04,0.3905295792876542,1.0560184906750658,-0.24954139005784745,1.1790293391843285,3.0
2026-02-05,-0.1252137024499648,0.7830147646760087,-0.8647280066242136,1.01605734728121,12.0
2026-02-06,-0.39943161002690725,1.4736278770636873,0.08192745163160271,1.3136275651756477,14.0
2026-02-07,-0.5006560098188051,1.2098731346907716,0.18453924632826263,1.4123292197318602,15.0
2026-02-08,-0.45980410433558194,0.8149905571278769,-0.38512351716839804,1.4694566646765064,13.0
2026-02-09,-0.10799056864141451,1.7247548248070208,0.5760269900436584,1.0134207280722418,11.0
2026-02-10,-0.21169340287674512,0.8038633428888263,-0.2126633978337494,1.1127689357915158,15.0
2026-02-11,0.7131618054151756,1.1888427521002507,0.09971233771387356,1.096918530386112,11.0
2026-02-12,-0.6771375747706306,0.775313842382022,-0.8184790837221823,0.6568026379636728,7.0
2026-02-13,-0.1796932201736595,0.8112897085898644,-0.4043580593663398,0.806615364500531,11.0
2026-02-14,-0.18195362456836217,1.0484870733529263,-0.3028760682217378,1.1875009798771643,12.0
2026-02-15,0.07879939161663602,0.7821265799032289,-0.3923381841423315,1.1856678884991456,13.0
2026-02-16,-0.46724863210786255,0.2797376746405552,-0.8734026866979284,0.9921786656214481,11.0
2026-02-17,-0.18088014319164533,0.7536393518110526,-0.9270548472951059,1.1657534859632208,16.0
2026-02-18,-0.19404339938898138,1.0341242878907417,-0.14025327058366208,1.091669261722966,22.0
2026-02-19,-0.35210224814957425,0.7095808708953205,-0.41688043719398926,0.7530344970291781,10.0
2026-02-20,-0.12607921411625797,0.8384114167354109,-0.22498262363106303,0.9902247611460752,10.0
2026-02-21,-0.3466054440890247,1.0590083606456628,0.24130805275108802,1.1104869051557171,6.0
2026-02-22,-0.06020839978235879,0.732965434457406,-0.22162731706288394,1.0822997134664822,11.0
2026-02-23,0.5227651017017662,1.4954613573483115,0.132104224214103,1.2300002656730622,16.0
2026-02-24,0.054080516546326896,0.9517293976242206,-0.0701498825144487,1.1716262544836265,33.0
2026-02-25,-0.2444043341974095,0.8452619044234054,-0.48356754880836383,1.2116908588929836,21.0
2026-02-26,-0.21899951751032043,0.707848434510381,-0.6341612290174822,0.9888409063358935,21.0
2026-02-27,-0.08789347211761186,0.8819386574894496,-0.6636923433577085,1.0447350012263381,13.0
2026-02-28,-0.030512749031428654,0.6277618475270079,-0.10611580313978425,1.1328276210572517,16.0
2026-03-01,-0.3518944138145052,1.3003781925826603,-0.23940498869934096,0.8507615569812604,16.0
2026-03-02,-0.44990327738558666,0.7175760822284584,-0.5928517285901855,1.0317485354409885,9.0
2026-03-03,-0.02119381809306149,1.1585967655054266,-0.09800493615711561,0.9544034906548113,19.0
2026-03-04,0.02479159468450443,1.0855804516827816,-0.033933904026332846,1.152195142756069,26.0
2026-03-05,0.0957763054440753,0.9273327314605513,-0.6665807947176764,0.900318224811258,25.0
2026-03-06,0.9143029365407525,1.195065466917917,0.33620709984052394,0.8943930186802664,8.0
2026-03-07,0.4073020585308578,0.9722515590873627,-0.18914844081356122,1.116633456812849,10.0
2026-03-08,0.817966032921856,1.2281958316778798,0.12260580177237633,0.9643476334614459,12.0
2026-03-09,0.34331673506213956,1.0922705167220392,-0.07254900325010274,1.212474071389167,16.0
2026-03-10,-0.024722198680882535,0.9701033302931844,-0.5498337230099595,1.0148519586069455,10.0
2026-03-11,-0.34238473105718015,0.9195180884499955,0.04364030368076172,1.3392557094740574,13.0
2026-03-12,-0.35507425171691775,0.8168428260106131,-0.39462192860642004,1.6000350002373587,10.0
2026-03-13,-0.2823331666089244,0.9739592797593818,-0.6052419572975606,1.2374997183976535,11.0
2026-03-14,0.13642779804413976,0.8989918960052253,-0.8697901692336254,0.9073592701399059,8.0
2026-03-15,-0.3545009604519565,1.08513677620889,-0.3109611800712577,1.6085886831930756,7.0
2026-03-16,0.10140773102165052,0.5928771692549643,0.2714875127766077,0.8939806073248394,6.0
2026-03-17,-0.09835297772421416,0.6818792489015901,0.28099504968928224,1.2740646887290492,10.0
2026-03-18,-0.539726108600529,0.6636206709917386,0.3444603799864993,0.32631018459435174,3.0
2026-03-19,0.574095853125596,1.2229612172764137,0.19055601665526992,1.1400914197277514,8.0
2026-03-20,0.31458040658947284,1.044281368478542,0.15139236726266536,0.9248546600124347,9.0
2026-03-21,0.1589807382755166,0.8274487264929079,0.6104931815630323,0.8445994752869257,2.0
2026-03-22,0.4306087561408626,0.8262862877481546,0.10529689284725507,0.9676449112763463,5.0
2026-03-23,1.103536956436045,1.3993106174033143,1.0508720736159727,0.248808111601861,3.0
2026-03-24,0.18237373278248203,0.6833003581060719,0.1944326481927099,0.7747279291883534,8.0
2026-03-25,-0.2187493548552613,0.607212922746134,-0.5695597641508295,0.8446945759270156,8.0
2026-03-26,0.12678321520841315,0.4898473342198083,0.1869495142500875,1.2724956531095593,4.0
2026-03-27,-0.20103772551026844,1.3189971467412296,1.2519096720395662,0.37604706767666274,2.0
2026-03-28,-0.3030572960021224,0.5881858886268589,-0.5119908587989619,1.2036598302131876,4.0
2026-03-29,-0.7237274275799188,0.26924985565890686,-0.4068603015969532,0.9522208092442276,3.0
2026-03-30,0.47687491250676955,1.257829741894157,0.3605601177150338,0.8443987822343838,13.0
2026-03-31,0.3419305327204705,1.1187639944719099,0.1133895503039563,0.8631914842896169,8.0
2026-04-01,0.8982542776872503,1.490066293957013,0.19351440636368425,1.2060822076847604,11.0
2026-04-02,0.5257617067079705,0.7397679318557696,0.42622420377048287,0.5603705938031042,6.0
2026-04-03,-0.00419133066367897,1.2294585607773136,0.6241322526675039,0.38514909045357487,7.0
2026-04-04,0.12740678012869436,0.6190369595264362,0.16225473257274411,1.3606968012574079,3.0
2026-04-05,1.1452570872063996,0.6697595422506081,0.6427477265546037,0.18554399722517645,3.0
2026-04-06,0.08679663804557503,0.6496419316815248,0.4995139932403093,0.4179450528957587,5.0
2026-04-07,-0.1831441627475932,1.0775277785049735,0.081587050919698,1.013004977003864,13.0
2026-04-08,0.5963153206393171,0.9661367786058825,0.13651959360738256,1.1926709730252183,7.0
2026-04-09,0.4653071061954094,0.8357201412353521,0.37825702766217667,0.4245415183296673,13.0
2026-04-10,-0.12530358339372533,0.7150284230812964,-0.8174025866651723,1.0002399669055304,13.0
2026-04-11,-0.48611684231664715,1.3634021205732796,0.5862357789666075,0.8792146659488573,9.0
2026-04-12,-0.08421542671541053,0.7351686375914436,-0.7295938195394912,1.0626975008195056,9.0
2026-04-13,0.20531063817962086,0.9053764601099671,-0.07653508842113257,0.9941571144756971,15.0
2026-04-14,-0.4124765976014711,0.771266455221924,-0.2715524124691701,0.8223122933024335,9.0
2026-04-15,-0.32139084033504084,0.8667700992937588,-0.6850831951461919,0.9118933944071287,13.0
2026-04-16,0.2098381775435318,1.0411098982195068,-0.428872343913503,1.0515893279134607,17.0
2026-04-17,0.08582434821446921,1.0813207335727715,-0.03174744346463892,1.1284503798957033,18.0
2026-04-18,0.3683397949294936,0.915128759656279,0.5230515902449336,0.36818322033535,7.0
2026-04-19,0.18506764536858794,0.9881726724070607,-0.16933671591062693,0.9547857256741771,10.0
2026-04-20,-0.2879485832559675,0.4640844303975125,-0.6386175813633406,1.1214933987765696,12.0
2026-04-21,-0.15991484139162945,0.7628709874414975,-0.5496262208024724,0.9984874519198131,18.0
2026-04-22,-0.2549604972779294,0.9513720563712688,-0.45681214295160094,1.0366720323641045,14.0
2026-04-23,0.2611204421414122,0.9762054388536183,-0.11355201740698939,1.1885688850881733,12.0
2026-04-24,-0.23668937883183178,1.0068226344424451,-0.3407201243525465,1.2556348053884818,10.0
2026-04-25,0.34468766411236196,1.227951714766192,0.049022576795114216,1.0683248497190951,11.0
2026-04-26,-0.18888340738792928,0.9766940894855617,-0.14803728878642994,1.0058522515080577,12.0
2026-04-27,-0.017911249955253547,0.8189188892061151,-0.4903291464227928,1.0372466818710318,15.0
2026-04-28,-0.0632897443194728,0.839352232192715,-0.2717696767594009,1.1484572782089386,18.0
2026-04-29,0.2556060492657151,1.2653246351802152,0.1316409498017857,1.2403629625209929,13.0
2026-04-30,-0.2858041705194855,0.7737114768523605,-0.4935705626874446,1.1094884332681239,20.0
2026-05-01,0.03146181603557984,0.926267041047179,-0.3280961801283492,1.0668143994714485,27.0
2026-05-02,-0.3356853765091012,0.8774618728260568,-0.7561069127432878,0.8772575533054383,7.0
2026-05-03,-0.6991078530883678,0.4878604993915444,-0.5186159009511802,0.9078910661692643,11.0
2026-05-04,-0.009687041793105337,0.5744385196283691,-0.2695264556021639,1.0088158349496852,11.0
2026-05-05,-0.08412081651986726,0.6688841042550954,-0.08684720875605947,0.9028428022459933,12.0
2026-05-06,-0.2617265305768812,0.7516601843513077,-0.6426522058011517,1.0521139101183363,17.0
2026-05-07,-0.11888005228187576,1.1513618819581537,-0.4073341573559096,1.1857377850640987,12.0
2026-05-08,0.12210551058520526,1.1702970937266362,-0.09134099444783306,1.0328201920160665,21.0
2026-05-09,-0.32234263166251625,0.5838893743411513,-0.8028607636710205,0.9630306025786978,7.0
2026-05-10,-0.9478991503768993,0.8037596765477821,-0.2564701784657096,1.1713100317683172,12.0
2026-05-11,-0.4635342469711631,0.5720512002506579,-1.0815360209324971,0.9417517048773544,14.0
2026-05-12,0.32169632013368593,1.04960941397727,-0.0845408316202069,1.06575559138928,15.0
2026-05-13,-0.4518111742501926,0.5334104039370365,-0.1561891997553236,1.01725642328466,12.0
2026-05-14,0.1926404800776585,0.9129771329648205,-0.15187404211192507,1.0883585359236896,14.0
2026-05-15,-0.001038926857085004,1.8046955765236903,-0.33222353025409734,1.175834916920356,20.0
2026-05-16,0.5175067566312057,1.2565237263410298,0.44425875348300536,1.0554319513347132,10.0
2026-05-17,-0.7404032209667067,0.6789700685512735,-0.6508436666406795,1.1290577105538635,13.0
2026-05-18,0.06426315155228043,0.7137750608926057,-0.041080010034489974,0.9433686426401933,11.0
2026-05-19,-0.31159040953310996,1.1357640804743507,-0.008495104915264807,1.0029421185759566,12.0
2026-05-20,-0.010983958010954073,0.7804674485214392,0.058750654467604566,0.8898931971263093,25.0
2026-05-21,0.25329062620156445,1.225646284227429,0.10376024404645899,0.9396623593475643,14.0
2026-05-22,0.20419723695474365,1.1024751817693392,-0.011558158092759493,1.0475942763674564,17.0
2026-05-23,0.29684889187415375,0.8168990893075276,-0.2664940630848899,0.8683829970511797,5.0
2026-05-24,-0.22367517911892618,0.5652385313898841,-0.8122533823539574,1.0951021807469743,9.0
2026-05-25,-0.1959704862094173,0.6978159408990656,-0.002310235796005692,0.9749318606588523,14.0
2026-05-26,-0.1313710995384725,0.6665296538919444,-0.012671262274345178,1.0777902575498997,13.0
2026-05-27,-0.23043711391784696,0.8359495257827028,-0.5948100496198354,1.1882894754844893,16.0
2026-05-28,-0.14086309392631433,0.6371299684810642,-0.6236957355722558,1.0273664156490137,10.0
2026-05-29,0.09227623532182525,0.8510130085026423,-0.22541750669005617,1.1420452676392578,23.0
2026-05-30,-0.28187403636656017,0.6651392533010339,-0.8682197449107026,1.1377860713855563,11.0
2026-05-31,-0.3868306877404464,0.7974984012162604,-0.4742554536627221,1.0987503321586987,10.0
2026-06-01,0.1108889583863356,0.8075371327190255,-0.26604938196444705,1.3026483438681025,11.0
2026-06-02,-0.0023334861563321097,1.0984012813146191,0.10107192048332525,1.1264914169527425,14.0
2026-06-03,-0.22720965590700223,0.664566352999788,-0.4110163772915126,1.0430206290479134,11.0
2026-06-04,0.5910399872820599,1.1024904051678375,-0.33729784353970765,1.1819922443915856,5.0
2026-06-05,0.5532145706683915,0.9618610599105422,0.6489513742287494,0.6814207606913223,8.0
2026-06-06,-0.1470408998265762,0.5844061501922299,0.05930496364729043,1.8529865047059213,4.0
2026-06-07,-0.2911168153583543,1.1873864970376544,0.1384539416338417,0.772675523799194,13.0
2026-06-08,-0.02235962022213056,0.9208073272936683,-0.5317965990109975,1.0829669410728198,50.0
2026-06-09,-0.22767594512928413,1.3615355088775263,-0.08473860833092078,1.0825284044207393,17.0
2026-06-10,0.005536984163670048,0.7237565820317158,-0.15313217573329682,0.9258724678090268,24.0
2026-06-11,0.19740970864824425,0.8984991203599814,-0.16632018100345844,0.9937214770927651,9.0
2026-06-12,0.06200035452858821,0.8896111253664439,-0.2919983900371834,0.9776885197762606,4.0
2026-06-13,0.2924321335813772,1.137462847447053,0.49267137441782144,0.48218061272108576,7.0
2026-06-14,-0.514405569654508,0.7496390069598282,0.20431782498220724,1.2769431230506112,4.0
2026-06-15,0.29369461485444154,0.9282201231341357,0.06832583710423579,1.0151321256924581,20.0
2026-06-16,0.34451826712272304,1.1063988194385967,0.05167109593721832,0.9751648061095212,16.0
2026-06-17,-0.08244898539595176,1.236122735711893,-0.15620205785788058,0.9884179203440426,12.0
2026-06-18,0.8318214364196578,0.9500772479432622,0.35871753051880245,0.7679856938313698,12.0
2026-06-19,0.2987785343739655,1.4915839503141661,0.3398771496742552,0.9909334208770313,16.0
2026-06-20,0.1646713099455761,1.310655279109296,0.4386478186453113,0.6973798763644985,13.0
2026-06-21,-0.11402090424526491,0.8021827088576675,0.25989820140138875,0.46262054942557496,16.0
2026-06-22,-0.12605549625086362,0.8612987143754478,0.48442808480341676,0.3260695750600432,15.0
2026-06-23,-0.023523131102004366,0.6869435807013303,0.41949968093275863,0.613359465422568,21.0
2026-06-24,0.010871590833515533,1.3486636155894842,0.4772108694363524,0.5677725997305072,19.0
2026-06-25,-0.08060213832233115,1.0992369959850472,0.4769625146869013,0.5029383756385978,68.0
2026-06-26,0.016257234970793073,0.8142151242643573,0.5629058604622497,0.49739300603895886,40.0
2026-06-27,-0.23574512648248286,1.151908398121982,0.5856958703450391,0.48340464747198947,26.0
2026-06-28,-0.19147624208891548,1.031587180505261,0.5711582177662379,0.6087565526302099,14.0
2026-06-29,-0.4790548060037738,1.287891620932923,0.5081947381096036,0.6644621442229953,22.0
2026-06-30,0.3354299821220284,1.2573047950585672,0.40816762028027037,0.4941342759405487,23.0
2026-07-01,-0.08337843048113737,0.8455244007239372,0.4295132682362568,0.41773845928754844,19.0
2026-07-02,0.6551790599074974,1.192425038342973,0.5480779715169812,0.5434032984974507,18.0
2026-07-03,0.23759257582551283,0.9574887016991308,0.395508118893064,0.41401102101972254,11.0
2026-07-04,-0.1279696978130408,0.9634214101499825,0.2586093433881574,0.5279828804886145,8.0
2026-07-05,-0.21641437341135727,0.7932351358421975,0.5407749941580274,0.542805776772296,7.0
2026-07-06,-0.06524675373763816,1.2397504807392983,0.5308998279049714,0.6561845243071329,19.0
2026-07-07,0.2692178219166135,0.9128269987440426,0.4802132479212191,0.6504794499776421,28.0
2026-07-08,-0.32404393095873557,1.036256676736975,0.36323700621573635,0.5206820130467524,32.0
2026-07-09,-0.05302602881148048,1.0033848930756266,0.5360713087735653,0.42336478123241233,50.0
2026-07-10,0.16424438865384242,0.8684683644469037,0.6556614278956648,0.5768403369303596,41.0
2026-07-11,0.0053718997846674875,0.9782999498658073,0.31412222700126624,0.651048341896551,49.0
2026-07-12,0.29497566662933555,1.1890839370860273,0.513395228542799,0.5109686763051314,32.0
2026-07-13,0.07725800834197671,0.9184171223365891,0.26596756296418195,0.5929503998792809,24.0
2026-07-14,0.010267189691144684,0.9793228843634917,0.46825466027884444,0.42983927536166133,25.0
2026-07-15,0.14246364523409707,0.8741257380867691,0.5143167794737803,0.414754478325896,13.0
2026-07-16,0.301151369927046,0.8797601531372131,0.17126683070485813,0.36393928510208734,6.0
2026-07-17,-0.10833814057778046,1.159061266779385,0.606928672860239,0.7669523529597828,8.0
2026-07-18,-0.786475731495565,0.6083725602758866,0.45818975310546584,1.0441365459727199,9.0
2026-07-19,-0.296355876280915,1.1532836035575869,0.3563653086142718,0.45428763548649115,7.0
2026-07-20,0.6337181673505222,0.8438180814556794,0.5619687860326444,0.615114073513008,15.0
2026-07-21,-0.2036511983003475,0.9266992786714919,0.4955372008775034,0.44674134531831994,12.0
2026-07-22,0.25513337263109204,0.713858127888353,0.4277267306924995,0.7604855619522543,17.0
2026-07-23,-0.007940997820206883,0.7412508107422716,0.2399233371131735,0.752116072722553,8.0
2026-07-24,0.12688605761063093,0.6611188179048134,0.5788522781164301,0.42612937422241076,7.0
2026-07-25,-0.7343747831577203,1.0,-0.2604806939361521,1.0,1.0
2026-07-26,-0.0013402463100750106,1.1870764619192724,0.748863061261252,0.4334008513279054,6.0
2026-07-27,0.5842001250042768,0.9388710436569606,0.37629935971049605,0.6724956498543696,9.0
2026-07-28,-0.27808584550043014,1.4504670927452619,0.74323468908396,1.0164662058357685,13.0
2026-07-29,0.06433154878914385,0.9052570532694807,0.5790387817891216,0.6510094124420583,13.0
2026-07-30,-0.22179319479243953,1.1023783691169453,0.4151172636745596,0.9369601382905924,11.0
2026-07-31,0.14214056536280034,0.9295163753243807,0.14879572626367518,0.48000210367863105,7.0
2026-08-01,0.012524560652550703,0.8395766074651606,0.49215845553244153,1.0645884278351685,5.0
2026-08-02,0.06714152544428116,0.8387976972409805,0.08954695262192273,0.4665301172942829,6.0
2026-08-03,0.08094923622342999,0.9784714153650974,0.060213833953282614,0.7175914188295845,14.0
2026-08-04,0.024587018177087687,0.6076536846299885,0.17838247467915858,0.7167380135106796,9.0
2026-08-05,0.06000380638607343,0.5459663559832435,0.18819297770323848,0.5262470872500263,11.0
2026-08-06,0.3844554752871406,1.1640616602916114,0.373955637818244,0.8003139753093034,13.0
2026-08-07,-0.06410708219343471,0.7810940423825041,0.29144807072808615,0.48708973848173637,15.0
2026-08-08,0.2021596320179411,0.8344130055715655,0.20193465368947539,0.7698427379004154,16.0
2026-08-09,-0.017021360052205753,0.785857743303339,-0.041733153745613094,0.5361428819596836,32.0
2026-08-10,0.11862838387320154,0.879168933414795,0.3614184778671194,0.5944427900279705,26.0
2026-08-11,-0.12372654549190024,1.1712050173985713,0.21833895541979473,0.8894634441955496,14.0
2026-08-12,1.166119008688041,0.4450418937252961,0.6674771386202519,0.642923712034734,4.0
2026-08-13,0.23775480809941865,0.8867928645270076,0.023209890440832288,0.5420591745504939,6.0
2026-08-14,0.6332182421807058,1.246467497708774,0.3678630039236184,0.8062071022262822,7.0
2026-08-15,0.039025484627407035,0.7526732586193088,0.7101172707884977,0.3744147296244185,6.0
2026-08-16,0.8581453178566634,0.7535633334085355,0.638318758515496,0.3423762322308146,7.0
2026-08-17,0.5355615371581547,1.2074448876834483,0.50660204183676,0.24353373075805904,7.0
2026-08-18,0.6893736771936061,0.9652498211935703,0.3892853810750219,0.5760172537269032,7.0
2026-08-19,0.09578856847224772,1.0466360383119593,0.37795915026295895,0.8021729681985715,14.0
2026-08-20,-0.14482436443231295,0.8443315366503522,0.3195170269335471,0.5573497040355126,5.0
2026-08-22,0.44689890484088424,1.6709201042618458,0.5325739813965528,0.7443278267675884,4.0
2026-08-23,0.013097834687245236,1.2087481709054742,0.15385157837753577,0.4411272459865853,5.0
2026-08-24,-0.07182430615435433,1.0739792418564358,0.514529073139223,0.630676494542593,19.0
2026-08-25,-0.34953489008491445,0.7628503790896207,0.2792463377866959,0.429737361319263,5.0
2026-08-26,-0.28018296001852205,0.7822932979522917,0.25767750009928303,0.40763021049228587,10.0
2026-08-27,0.04162128724485625,0.6978887286749547,0.23215582775428598,0.3212390610459097,6.0
2026-08-28,-0.2884969757080354,0.6906083636898046,0.3569180392266202,0.552344425554157,8.0
2026-08-29,0.9222497502447669,1.0100059524150362,0.8570712373715408,0.4619319069984321,5.0
2026-08-30,0.667141577860041,1.0785635131987188,0.5912886927055646,0.8897396779154074,4.0
2026-08-31,0.09927826123543745,1.3091144534619767,0.6695017459911696,0.6013083666498173,4.0
2026-09-01,-0.03253543507502697,0.47666977900711494,0.45510374637977313,0.43788416759501236,9.0
2026-09-02,-0.035392510330138204,0.9917962050962033,0.27908311750509834,0.6621418847133329,6.0
2026-09-03,0.21733160760943596,1.1176917636498245,0.42221111820457513,0.49861128622507384,6.0
2026-09-04,1.124171028563658,0.22135949351340398,0.036082399219991644,0.8015883103842651,3.0
2026-09-05,0.27223346037318874,0.9631454655583911,0.5944697007202298,0.705969428364531,4.0
2026-09-06,0.6133414574971309,1.4260368514700086,0.8661840027600796,0.34842276497326496,5.0
2026-09-07,0.1968098545708386,0.5988985504440211,0.33219555009389695,0.49928272868485085,7.0
